PREFIX,NEXT,SUB,ARAM,HEB,ALL
כִּ,י,יְ,1,1,1
לִ,י,יְ,1,1,1
בִּ,י,יְ,1,1,1
כִּ,בְ,בְּ,1,1,1
כִּ,גְ,גְּ,1,1,1
כִּ,דְ,דְּ,1,1,1
כִּ,כְ,כְּ,1,1,1
כִּ,פְ,פְּ,1,1,1
כִּ,תְ,תְּ,1,1,1
לִ,בְ,בְּ,1,1,1
לִ,גְ,גְּ,1,1,1
לִ,דְ,דְּ,1,1,1
לִ,כְ,כְּ,1,1,1
לִ,פְ,פְּ,1,1,1
לִ,תְ,תְּ,1,1,1
בִּ,בְ,בְּ,1,1,1
בִּ,גְ,גְּ,1,1,1
בִּ,דְ,דְּ,1,1,1
בִּ,כְ,כְּ,1,1,1
בִּ,פְ,פְּ,1,1,1
בִּ,תְ,תְּ,1,1,1
כִּ,חְ,חְ,1,1,1
כִּ,רְ,רְ,1,1,1
לִ,חְ,חְ,1,1,1
לִ,רְ,רְ,1,1,1
בִּ,חְ,חְ,1,1,1
בִּ,רְ,רְ,1,1,1
כִּ,וְ,וְ,1,1,1
כִּ,זְ,זְ,1,1,1
כִּ,טְ,טְ,1,1,1
כִּ,יְ,יְ,1,1,1
כִּ,לְ,לְ,1,1,1
כִּ,מְ,מְ,1,1,1
כִּ,נְ,נְ,1,1,1
כִּ,סְ,סְ,1,1,1
כִּ,צְ,צְ,1,1,1
כִּ,קְ,קְ,1,1,1
כִּ,שְׁ,שְׁ,1,1,1
כִּ,שְׂ,שְׂ,1,1,1
לִ,וְ,וְ,1,1,1
לִ,זְ,זְ,1,1,1
לִ,טְ,טְ,1,1,1
לִ,יְ,יְ,1,1,1
לִ,לְ,לְ,1,1,1
לִ,מְ,מְ,1,1,1
לִ,נְ,נְ,1,1,1
לִ,סְ,סְ,1,1,1
לִ,צְ,צְ,1,1,1
לִ,קְ,קְ,1,1,1
לִ,שְׁ,שְׁ,1,1,1
לִ,שְׂ,שְׂ,1,1,1
בִּ,וְ,וְ,1,1,1
בִּ,זְ,זְ,1,1,1
בִּ,טְ,טְ,1,1,1
בִּ,יְ,יְ,1,1,1
בִּ,לְ,לְ,1,1,1
בִּ,מְ,מְ,1,1,1
בִּ,נְ,נְ,1,1,1
בִּ,סְ,סְ,1,1,1
בִּ,צְ,צְ,1,1,1
בִּ,קְ,קְ,1,1,1
בִּ,שְׁ,שְׁ,1,1,1
בִּ,שְׂ,שְׂ,1,1,1
כָּ,בֳ,בֳּ,1,1,1
כָּ,גֳ,גֳּ,1,1,1
כָּ,דֳ,דֳּ,1,1,1
כָּ,כֳ,כֳּ,1,1,1
כָּ,פֳ,פֳּ,1,1,1
כָּ,תֳ,תֳּ,1,1,1
לָ,בֳ,בֳּ,1,1,1
לָ,גֳ,גֳּ,1,1,1
לָ,דֳ,דֳּ,1,1,1
לָ,כֳ,כֳּ,1,1,1
לָ,פֳ,פֳּ,1,1,1
לָ,תֳ,תֳּ,1,1,1
בָּ,בֳ,בֳּ,1,1,1
בָּ,גֳ,גֳּ,1,1,1
בָּ,דֳ,דֳּ,1,1,1
בָּ,כֳ,כֳּ,1,1,1
בָּ,פֳ,פֳּ,1,1,1
בָּ,תֳ,תֳּ,1,1,1
כַּ,בֲ,בֲּ,1,1,1
כַּ,גֲ,גֲּ,1,1,1
כַּ,דֲ,דֲּ,1,1,1
כַּ,כֲ,כֲּ,1,1,1
כַּ,פֲ,פֲּ,1,1,1
כַּ,תֲ,תֲּ,1,1,1
לַ,בֲ,בֲּ,1,1,1
לַ,גֲ,גֲּ,1,1,1
לַ,דֲ,דֲּ,1,1,1
לַ,כֲ,כֲּ,1,1,1
לַ,פֲ,פֲּ,1,1,1
לַ,תֲ,תֲּ,1,1,1
בַּ,בֲ,בֲּ,1,1,1
בַּ,גֲ,גֲּ,1,1,1
בַּ,דֲ,דֲּ,1,1,1
בַּ,כֲ,כֲּ,1,1,1
בַּ,פֲ,פֲּ,1,1,1
בַּ,תֲ,תֲּ,1,1,1
כֶּ,בֱ,בֱּ,1,1,1
כֶּ,גֱ,גֱּ,1,1,1
כֶּ,דֱ,דֱּ,1,1,1
כֶּ,כֱ,כֱּ,1,1,1
כֶּ,פֱ,פֱּ,1,1,1
כֶּ,תֱ,תֱּ,1,1,1
לֶ,בֱ,בֱּ,1,1,1
לֶ,גֱ,גֱּ,1,1,1
לֶ,דֱ,דֱּ,1,1,1
לֶ,כֱ,כֱּ,1,1,1
לֶ,פֱ,פֱּ,1,1,1
לֶ,תֱ,תֱּ,1,1,1
בֶּ,בֱ,בֱּ,1,1,1
בֶּ,גֱ,גֱּ,1,1,1
בֶּ,דֱ,דֱּ,1,1,1
בֶּ,כֱ,כֱּ,1,1,1
בֶּ,פֱ,פֱּ,1,1,1
בֶּ,תֱ,תֱּ,1,1,1
כֶּ,טֱ,טֱ,1,1,1
כֶּ,יֱ,יֱ,1,1,1
כֶּ,לֱ,לֱ,1,1,1
כֶּ,מֱ,מֱ,1,1,1
כֶּ,נֱ,נֱ,1,1,1
כֶּ,סֱ,סֱ,1,1,1
כֶּ,צֱ,צֱ,1,1,1
כֶּ,קֱ,קֱ,1,1,1
כֶּ,שֱׁ,שֱׁ,1,1,1
כֶּ,שֱׂ,שֱׂ,1,1,1
לֶ,אֱ,אֱ,1,1,1
לֶ,הֱ,הֱ,1,1,1
לֶ,חֱ,חֱ,1,1,1
לֶ,עֱ,עֱ,1,1,1
לֶ,רֱ,רֱ,1,1,1
לֶ,וֱ,וֱ,1,1,1
לֶ,זֱ,זֱ,1,1,1
לֶ,טֱ,טֱ,1,1,1
לֶ,יֱ,יֱ,1,1,1
לֶ,לֱ,לֱ,1,1,1
לֶ,מֱ,מֱ,1,1,1
לֶ,נֱ,נֱ,1,1,1
לֶ,סֱ,סֱ,1,1,1
לֶ,צֱ,צֱ,1,1,1
לֶ,קֱ,קֱ,1,1,1
לֶ,שֱׁ,שֱׁ,1,1,1
לֶ,שֱׂ,שֱׂ,1,1,1
בֶּ,אֱ,אֱ,1,1,1
בֶּ,הֱ,הֱ,1,1,1
בֶּ,חֱ,חֱ,1,1,1
בֶּ,עֱ,עֱ,1,1,1
בֶּ,רֱ,רֱ,1,1,1
בֶּ,וֱ,וֱ,1,1,1
בֶּ,זֱ,זֱ,1,1,1
בֶּ,טֱ,טֱ,1,1,1
בֶּ,יֱ,יֱ,1,1,1
בֶּ,לֱ,לֱ,1,1,1
בֶּ,מֱ,מֱ,1,1,1
בֶּ,נֱ,נֱ,1,1,1
בֶּ,סֱ,סֱ,1,1,1
בֶּ,צֱ,צֱ,1,1,1
בֶּ,קֱ,קֱ,1,1,1
בֶּ,שֱׁ,שֱׁ,1,1,1
בֶּ,שֱׂ,שֱׂ,1,1,1
כְּ,בֹ,בֹּ,1,1,1
כְּ,בָ,בָּ,1,1,1
כְּ,בֵ,בֵּ,1,1,1
כְּ,בַ,בַּ,1,1,1
כְּ,בֶ,בֶּ,1,1,1
כְּ,בִ,בִּ,1,1,1
כְּ,בֻ,בֻּ,1,1,1
כְּ,גֹ,גֹּ,1,1,1
כְּ,גָ,גָּ,1,1,1
כְּ,גֵ,גֵּ,1,1,1
כְּ,גַ,גַּ,1,1,1
כְּ,גֶ,גֶּ,1,1,1
כְּ,גִ,גִּ,1,1,1
כְּ,גֻ,גֻּ,1,1,1
כְּ,דֹ,דֹּ,1,1,1
כְּ,דָ,דָּ,1,1,1
כְּ,דֵ,דֵּ,1,1,1
כְּ,דַ,דַּ,1,1,1
כְּ,דֶ,דֶּ,1,1,1
כְּ,דִ,דִּ,1,1,1
כְּ,דֻ,דֻּ,1,1,1
כְּ,כֹ,כֹּ,1,1,1
כְּ,כָ,כָּ,1,1,1
כְּ,כֵ,כֵּ,1,1,1
כְּ,כַ,כַּ,1,1,1
כְּ,כֶ,כֶּ,1,1,1
כְּ,כִ,כִּ,1,1,1
כְּ,כֻ,כֻּ,1,1,1
כְּ,פֹ,פֹּ,1,1,1
כְּ,פָ,פָּ,1,1,1
כְּ,פֵ,פֵּ,1,1,1
כְּ,פַ,פַּ,1,1,1
כְּ,פֶ,פֶּ,1,1,1
כְּ,פִ,פִּ,1,1,1
כְּ,פֻ,פֻּ,1,1,1
כְּ,תֹ,תֹּ,1,1,1
כְּ,תָ,תָּ,1,1,1
כְּ,תֵ,תֵּ,1,1,1
כְּ,תַ,תַּ,1,1,1
כְּ,תֶ,תֶּ,1,1,1
כְּ,תִ,תִּ,1,1,1
כְּ,תֻ,תֻּ,1,1,1
לְ,בֹ,בֹּ,1,1,1
לְ,בָ,בָּ,1,1,1
לְ,בֵ,בֵּ,1,1,1
לְ,בַ,בַּ,1,1,1
לְ,בֶ,בֶּ,1,1,1
לְ,בִ,בִּ,1,1,1
לְ,בֻ,בֻּ,1,1,1
לְ,גֹ,גֹּ,1,1,1
לְ,גָ,גָּ,1,1,1
לְ,גֵ,גֵּ,1,1,1
לְ,גַ,גַּ,1,1,1
לְ,גֶ,גֶּ,1,1,1
לְ,גִ,גִּ,1,1,1
לְ,גֻ,גֻּ,1,1,1
לְ,דֹ,דֹּ,1,1,1
לְ,דָ,דָּ,1,1,1
לְ,דֵ,דֵּ,1,1,1
לְ,דַ,דַּ,1,1,1
לְ,דֶ,דֶּ,1,1,1
לְ,דִ,דִּ,1,1,1
לְ,דֻ,דֻּ,1,1,1
לְ,כֹ,כֹּ,1,1,1
לְ,כָ,כָּ,1,1,1
לְ,כֵ,כֵּ,1,1,1
לְ,כַ,כַּ,1,1,1
לְ,כֶ,כֶּ,1,1,1
לְ,כִ,כִּ,1,1,1
לְ,כֻ,כֻּ,1,1,1
לְ,פֹ,פֹּ,1,1,1
לְ,פָ,פָּ,1,1,1
לְ,פֵ,פֵּ,1,1,1
לְ,פַ,פַּ,1,1,1
לְ,פֶ,פֶּ,1,1,1
לְ,פִ,פִּ,1,1,1
לְ,פֻ,פֻּ,1,1,1
לְ,תֹ,תֹּ,1,1,1
לְ,תָ,תָּ,1,1,1
לְ,תֵ,תֵּ,1,1,1
לְ,תַ,תַּ,1,1,1
לְ,תֶ,תֶּ,1,1,1
לְ,תִ,תִּ,1,1,1
לְ,תֻ,תֻּ,1,1,1
בְּ,בֹ,בֹּ,1,1,1
בְּ,בָ,בָּ,1,1,1
בְּ,בֵ,בֵּ,1,1,1
בְּ,בַ,בַּ,1,1,1
בְּ,בֶ,בֶּ,1,1,1
בְּ,בִ,בִּ,1,1,1
בְּ,בֻ,בֻּ,1,1,1
בְּ,גֹ,גֹּ,1,1,1
בְּ,גָ,גָּ,1,1,1
בְּ,גֵ,גֵּ,1,1,1
בְּ,גַ,גַּ,1,1,1
בְּ,גֶ,גֶּ,1,1,1
בְּ,גִ,גִּ,1,1,1
בְּ,גֻ,גֻּ,1,1,1
בְּ,דֹ,דֹּ,1,1,1
בְּ,דָ,דָּ,1,1,1
בְּ,דֵ,דֵּ,1,1,1
בְּ,דַ,דַּ,1,1,1
בְּ,דֶ,דֶּ,1,1,1
בְּ,דִ,דִּ,1,1,1
בְּ,דֻ,דֻּ,1,1,1
בְּ,כֹ,כֹּ,1,1,1
בְּ,כָ,כָּ,1,1,1
בְּ,כֵ,כֵּ,1,1,1
בְּ,כַ,כַּ,1,1,1
בְּ,כֶ,כֶּ,1,1,1
בְּ,כִ,כִּ,1,1,1
בְּ,כֻ,כֻּ,1,1,1
בְּ,פֹ,פֹּ,1,1,1
בְּ,פָ,פָּ,1,1,1
בְּ,פֵ,פֵּ,1,1,1
בְּ,פַ,פַּ,1,1,1
בְּ,פֶ,פֶּ,1,1,1
בְּ,פִ,פִּ,1,1,1
בְּ,פֻ,פֻּ,1,1,1
בְּ,תֹ,תֹּ,1,1,1
בְּ,תָ,תָּ,1,1,1
בְּ,תֵ,תֵּ,1,1,1
בְּ,תַ,תַּ,1,1,1
בְּ,תֶ,תֶּ,1,1,1
בְּ,תִ,תִּ,1,1,1
בְּ,תֻ,תֻּ,1,1,1
כְּ,טֹ,טֹ,1,1,1
כְּ,טָ,טָ,1,1,1
כְּ,טֵ,טֵ,1,1,1
כְּ,טַ,טַ,1,1,1
כְּ,טֶ,טֶ,1,1,1
כְּ,טִ,טִ,1,1,1
כְּ,טֻ,טֻ,1,1,1
כְּ,יֹ,יֹ,1,1,1
כְּ,יָ,יָ,1,1,1
כְּ,יֵ,יֵ,1,1,1
כְּ,יַ,יַ,1,1,1
כְּ,יֶ,יֶ,1,1,1
כְּ,יִ,יִ,1,1,1
כְּ,יֻ,יֻ,1,1,1
כְּ,לֹ,לֹ,1,1,1
כְּ,לָ,לָ,1,1,1
כְּ,לֵ,לֵ,1,1,1
כְּ,לַ,לַ,1,1,1
כְּ,לֶ,לֶ,1,1,1
כְּ,לִ,לִ,1,1,1
כְּ,לֻ,לֻ,1,1,1
כְּ,מֹ,מֹ,1,1,1
כְּ,מָ,מָ,1,1,1
כְּ,מֵ,מֵ,1,1,1
כְּ,מַ,מַ,1,1,1
כְּ,מֶ,מֶ,1,1,1
כְּ,מִ,מִ,1,1,1
כְּ,מֻ,מֻ,1,1,1
כְּ,נֹ,נֹ,1,1,1
כְּ,נָ,נָ,1,1,1
כְּ,נֵ,נֵ,1,1,1
כְּ,נַ,נַ,1,1,1
כְּ,נֶ,נֶ,1,1,1
כְּ,נִ,נִ,1,1,1
כְּ,נֻ,נֻ,1,1,1
כְּ,סֹ,סֹ,1,1,1
כְּ,סָ,סָ,1,1,1
כְּ,סֵ,סֵ,1,1,1
כְּ,סַ,סַ,1,1,1
כְּ,סֶ,סֶ,1,1,1
כְּ,סִ,סִ,1,1,1
כְּ,סֻ,סֻ,1,1,1
כְּ,צֹ,צֹ,1,1,1
כְּ,צָ,צָ,1,1,1
כְּ,צֵ,צֵ,1,1,1
כְּ,צַ,צַ,1,1,1
כְּ,צֶ,צֶ,1,1,1
כְּ,צִ,צִ,1,1,1
כְּ,צֻ,צֻ,1,1,1
כְּ,קֹ,קֹ,1,1,1
כְּ,קָ,קָ,1,1,1
כְּ,קֵ,קֵ,1,1,1
כְּ,קַ,קַ,1,1,1
כְּ,קֶ,קֶ,1,1,1
כְּ,קִ,קִ,1,1,1
כְּ,קֻ,קֻ,1,1,1
כְּ,שֹׁ,שֹׁ,1,1,1
כְּ,שָׁ,שָׁ,1,1,1
כְּ,שֵׁ,שֵׁ,1,1,1
כְּ,שַׁ,שַׁ,1,1,1
כְּ,שֶׁ,שֶׁ,1,1,1
כְּ,שִׁ,שִׁ,1,1,1
כְּ,שֻׁ,שֻׁ,1,1,1
כְּ,שֹׂ,שֹׂ,1,1,1
כְּ,שָׂ,שָׂ,1,1,1
כְּ,שֵׂ,שֵׂ,1,1,1
כְּ,שַׂ,שַׂ,1,1,1
כְּ,שֶׂ,שֶׂ,1,1,1
כְּ,שִׂ,שִׂ,1,1,1
כְּ,שֻׂ,שֻׂ,1,1,1
לְ,אֹ,אֹ,1,1,1
לְ,אָ,אָ,1,1,1
לְ,אֵ,אֵ,1,1,1
לְ,אַ,אַ,1,1,1
לְ,אֶ,אֶ,1,1,1
לְ,אִ,אִ,1,1,1
לְ,אֻ,אֻ,1,1,1
לְ,הֹ,הֹ,1,1,1
לְ,הָ,הָ,1,1,1
לְ,הֵ,הֵ,1,1,1
לְ,הַ,הַ,1,1,1
לְ,הֶ,הֶ,1,1,1
לְ,הִ,הִ,1,1,1
לְ,הֻ,הֻ,1,1,1
לְ,חֹ,חֹ,1,1,1
לְ,חָ,חָ,1,1,1
לְ,חֵ,חֵ,1,1,1
לְ,חַ,חַ,1,1,1
לְ,חֶ,חֶ,1,1,1
לְ,חִ,חִ,1,1,1
לְ,חֻ,חֻ,1,1,1
לְ,עֹ,עֹ,1,1,1
לְ,עָ,עָ,1,1,1
לְ,עֵ,עֵ,1,1,1
לְ,עַ,עַ,1,1,1
לְ,עֶ,עֶ,1,1,1
לְ,עִ,עִ,1,1,1
לְ,עֻ,עֻ,1,1,1
לְ,רֹ,רֹ,1,1,1
לְ,רָ,רָ,1,1,1
לְ,רֵ,רֵ,1,1,1
לְ,רַ,רַ,1,1,1
לְ,רֶ,רֶ,1,1,1
לְ,רִ,רִ,1,1,1
לְ,רֻ,רֻ,1,1,1
לְ,וֹ,וֹ,1,1,1
לְ,וָ,וָ,1,1,1
לְ,וֵ,וֵ,1,1,1
לְ,וַ,וַ,1,1,1
לְ,וֶ,וֶ,1,1,1
לְ,וִ,וִ,1,1,1
לְ,וֻ,וֻ,1,1,1
לְ,זֹ,זֹ,1,1,1
לְ,זָ,זָ,1,1,1
לְ,זֵ,זֵ,1,1,1
לְ,זַ,זַ,1,1,1
לְ,זֶ,זֶ,1,1,1
לְ,זִ,זִ,1,1,1
לְ,זֻ,זֻ,1,1,1
לְ,טֹ,טֹ,1,1,1
לְ,טָ,טָ,1,1,1
לְ,טֵ,טֵ,1,1,1
לְ,טַ,טַ,1,1,1
לְ,טֶ,טֶ,1,1,1
לְ,טִ,טִ,1,1,1
לְ,טֻ,טֻ,1,1,1
לְ,יֹ,יֹ,1,1,1
לְ,יָ,יָ,1,1,1
לְ,יֵ,יֵ,1,1,1
לְ,יַ,יַ,1,1,1
לְ,יֶ,יֶ,1,1,1
לְ,יִ,יִ,1,1,1
לְ,יֻ,יֻ,1,1,1
לְ,לֹ,לֹ,1,1,1
לְ,לָ,לָ,1,1,1
לְ,לֵ,לֵ,1,1,1
לְ,לַ,לַ,1,1,1
לְ,לֶ,לֶ,1,1,1
לְ,לִ,לִ,1,1,1
לְ,לֻ,לֻ,1,1,1
לְ,מֹ,מֹ,1,1,1
לְ,מָ,מָ,1,1,1
לְ,מֵ,מֵ,1,1,1
לְ,מַ,מַ,1,1,1
לְ,מֶ,מֶ,1,1,1
לְ,מִ,מִ,1,1,1
לְ,מֻ,מֻ,1,1,1
לְ,נֹ,נֹ,1,1,1
לְ,נָ,נָ,1,1,1
לְ,נֵ,נֵ,1,1,1
לְ,נַ,נַ,1,1,1
לְ,נֶ,נֶ,1,1,1
לְ,נִ,נִ,1,1,1
לְ,נֻ,נֻ,1,1,1
לְ,סֹ,סֹ,1,1,1
לְ,סָ,סָ,1,1,1
לְ,סֵ,סֵ,1,1,1
לְ,סַ,סַ,1,1,1
לְ,סֶ,סֶ,1,1,1
לְ,סִ,סִ,1,1,1
לְ,סֻ,סֻ,1,1,1
לְ,צֹ,צֹ,1,1,1
לְ,צָ,צָ,1,1,1
לְ,צֵ,צֵ,1,1,1
לְ,צַ,צַ,1,1,1
לְ,צֶ,צֶ,1,1,1
לְ,צִ,צִ,1,1,1
לְ,צֻ,צֻ,1,1,1
לְ,קֹ,קֹ,1,1,1
לְ,קָ,קָ,1,1,1
לְ,קֵ,קֵ,1,1,1
לְ,קַ,קַ,1,1,1
לְ,קֶ,קֶ,1,1,1
לְ,קִ,קִ,1,1,1
לְ,קֻ,קֻ,1,1,1
לְ,שֹׁ,שֹׁ,1,1,1
לְ,שָׁ,שָׁ,1,1,1
לְ,שֵׁ,שֵׁ,1,1,1
לְ,שַׁ,שַׁ,1,1,1
לְ,שֶׁ,שֶׁ,1,1,1
לְ,שִׁ,שִׁ,1,1,1
לְ,שֻׁ,שֻׁ,1,1,1
לְ,שֹׂ,שֹׂ,1,1,1
לְ,שָׂ,שָׂ,1,1,1
לְ,שֵׂ,שֵׂ,1,1,1
לְ,שַׂ,שַׂ,1,1,1
לְ,שֶׂ,שֶׂ,1,1,1
לְ,שִׂ,שִׂ,1,1,1
לְ,שֻׂ,שֻׂ,1,1,1
בְּ,אֹ,אֹ,1,1,1
בְּ,אָ,אָ,1,1,1
בְּ,אֵ,אֵ,1,1,1
בְּ,אַ,אַ,1,1,1
בְּ,אֶ,אֶ,1,1,1
בְּ,אִ,אִ,1,1,1
בְּ,אֻ,אֻ,1,1,1
בְּ,הֹ,הֹ,1,1,1
בְּ,הָ,הָ,1,1,1
בְּ,הֵ,הֵ,1,1,1
בְּ,הַ,הַ,1,1,1
בְּ,הֶ,הֶ,1,1,1
בְּ,הִ,הִ,1,1,1
בְּ,הֻ,הֻ,1,1,1
בְּ,חֹ,חֹ,1,1,1
בְּ,חָ,חָ,1,1,1
בְּ,חֵ,חֵ,1,1,1
בְּ,חַ,חַ,1,1,1
בְּ,חֶ,חֶ,1,1,1
בְּ,חִ,חִ,1,1,1
בְּ,חֻ,חֻ,1,1,1
בְּ,עֹ,עֹ,1,1,1
בְּ,עָ,עָ,1,1,1
בְּ,עֵ,עֵ,1,1,1
בְּ,עַ,עַ,1,1,1
בְּ,עֶ,עֶ,1,1,1
בְּ,עִ,עִ,1,1,1
בְּ,עֻ,עֻ,1,1,1
בְּ,רֹ,רֹ,1,1,1
בְּ,רָ,רָ,1,1,1
בְּ,רֵ,רֵ,1,1,1
בְּ,רַ,רַ,1,1,1
בְּ,רֶ,רֶ,1,1,1
בְּ,רִ,רִ,1,1,1
בְּ,רֻ,רֻ,1,1,1
בְּ,וֹ,וֹ,1,1,1
בְּ,וָ,וָ,1,1,1
בְּ,וֵ,וֵ,1,1,1
בְּ,וַ,וַ,1,1,1
בְּ,וֶ,וֶ,1,1,1
בְּ,וִ,וִ,1,1,1
בְּ,וֻ,וֻ,1,1,1
בְּ,זֹ,זֹ,1,1,1
בְּ,זָ,זָ,1,1,1
בְּ,זֵ,זֵ,1,1,1
בְּ,זַ,זַ,1,1,1
בְּ,זֶ,זֶ,1,1,1
בְּ,זִ,זִ,1,1,1
בְּ,זֻ,זֻ,1,1,1
בְּ,טֹ,טֹ,1,1,1
בְּ,טָ,טָ,1,1,1
בְּ,טֵ,טֵ,1,1,1
בְּ,טַ,טַ,1,1,1
בְּ,טֶ,טֶ,1,1,1
בְּ,טִ,טִ,1,1,1
בְּ,טֻ,טֻ,1,1,1
בְּ,יֹ,יֹ,1,1,1
בְּ,יָ,יָ,1,1,1
בְּ,יֵ,יֵ,1,1,1
בְּ,יַ,יַ,1,1,1
בְּ,יֶ,יֶ,1,1,1
בְּ,יִ,יִ,1,1,1
בְּ,יֻ,יֻ,1,1,1
בְּ,לֹ,לֹ,1,1,1
בְּ,לָ,לָ,1,1,1
בְּ,לֵ,לֵ,1,1,1
בְּ,לַ,לַ,1,1,1
בְּ,לֶ,לֶ,1,1,1
בְּ,לִ,לִ,1,1,1
בְּ,לֻ,לֻ,1,1,1
בְּ,מֹ,מֹ,1,1,1
בְּ,מָ,מָ,1,1,1
בְּ,מֵ,מֵ,1,1,1
בְּ,מַ,מַ,1,1,1
בְּ,מֶ,מֶ,1,1,1
בְּ,מִ,מִ,1,1,1
בְּ,מֻ,מֻ,1,1,1
בְּ,נֹ,נֹ,1,1,1
בְּ,נָ,נָ,1,1,1
בְּ,נֵ,נֵ,1,1,1
בְּ,נַ,נַ,1,1,1
בְּ,נֶ,נֶ,1,1,1
בְּ,נִ,נִ,1,1,1
בְּ,נֻ,נֻ,1,1,1
בְּ,סֹ,סֹ,1,1,1
בְּ,סָ,סָ,1,1,1
בְּ,סֵ,סֵ,1,1,1
בְּ,סַ,סַ,1,1,1
בְּ,סֶ,סֶ,1,1,1
בְּ,סִ,סִ,1,1,1
בְּ,סֻ,סֻ,1,1,1
בְּ,צֹ,צֹ,1,1,1
בְּ,צָ,צָ,1,1,1
בְּ,צֵ,צֵ,1,1,1
בְּ,צַ,צַ,1,1,1
בְּ,צֶ,צֶ,1,1,1
בְּ,צִ,צִ,1,1,1
בְּ,צֻ,צֻ,1,1,1
בְּ,קֹ,קֹ,1,1,1
בְּ,קָ,קָ,1,1,1
בְּ,קֵ,קֵ,1,1,1
בְּ,קַ,קַ,1,1,1
בְּ,קֶ,קֶ,1,1,1
בְּ,קִ,קִ,1,1,1
בְּ,קֻ,קֻ,1,1,1
בְּ,שֹׁ,שֹׁ,1,1,1
בְּ,שָׁ,שָׁ,1,1,1
בְּ,שֵׁ,שֵׁ,1,1,1
בְּ,שַׁ,שַׁ,1,1,1
בְּ,שֶׁ,שֶׁ,1,1,1
בְּ,שִׁ,שִׁ,1,1,1
בְּ,שֻׁ,שֻׁ,1,1,1
בְּ,שֹׂ,שֹׂ,1,1,1
בְּ,שָׂ,שָׂ,1,1,1
בְּ,שֵׂ,שֵׂ,1,1,1
בְּ,שַׂ,שַׂ,1,1,1
בְּ,שֶׂ,שֶׂ,1,1,1
בְּ,שִׂ,שִׂ,1,1,1
בְּ,שֻׂ,שֻׂ,1,1,1
מֵ,אֹ,אֹ,1,1,1
מֵ,אָ,אָ,1,1,1
מֵ,אֵ,אֵ,1,1,1
מֵ,אַ,אַ,1,1,1
מֵ,אֶ,אֶ,1,1,1
מֵ,אִ,אִ,1,1,1
מֵ,אֻ,אֻ,1,1,1
מֵ,אֱ,אֱ,1,1,1
מֵ,אֲ,אֲ,1,1,1
מֵ,אֳ,אֳ,1,1,1
מֵ,הֹ,הֹ,1,1,1
מֵ,הָ,הָ,1,1,1
מֵ,הֵ,הֵ,1,1,1
מֵ,הַ,הַ,1,1,1
מֵ,הֶ,הֶ,1,1,1
מֵ,הִ,הִ,1,1,1
מֵ,הֻ,הֻ,1,1,1
מֵ,הֱ,הֱ,1,1,1
מֵ,הֲ,הֲ,1,1,1
מֵ,הֳ,הֳ,1,1,1
מֵ,חֹ,חֹ,1,1,1
מֵ,חָ,חָ,1,1,1
מֵ,חֵ,חֵ,1,1,1
מֵ,חַ,חַ,1,1,1
מֵ,חֶ,חֶ,1,1,1
מֵ,חִ,חִ,1,1,1
מֵ,חֻ,חֻ,1,1,1
מֵ,חֱ,חֱ,1,1,1
מֵ,חֲ,חֲ,1,1,1
מֵ,חֳ,חֳ,1,1,1
מֵ,עֹ,עֹ,1,1,1
מֵ,עָ,עָ,1,1,1
מֵ,עֵ,עֵ,1,1,1
מֵ,עַ,עַ,1,1,1
מֵ,עֶ,עֶ,1,1,1
מֵ,עִ,עִ,1,1,1
מֵ,עֻ,עֻ,1,1,1
מֵ,עֱ,עֱ,1,1,1
מֵ,עֲ,עֲ,1,1,1
מֵ,עֳ,עֳ,1,1,1
מֵ,רֹ,רֹ,1,1,1
מֵ,רָ,רָ,1,1,1
מֵ,רֵ,רֵ,1,1,1
מֵ,רַ,רַ,1,1,1
מֵ,רֶ,רֶ,1,1,1
מֵ,רִ,רִ,1,1,1
מֵ,רֻ,רֻ,1,1,1
מֵ,רֱ,רֱ,1,1,1
מֵ,רֲ,רֲ,1,1,1
מֵ,רֳ,רֳ,1,1,1
מֵ,רְ,רְ,1,1,1
מִ,בְּ,בְּ,1,1,1
מִ,בֹּ,בֹּ,1,1,1
מִ,בָּ,בָּ,1,1,1
מִ,בֵּ,בֵּ,1,1,1
מִ,בַּ,בַּ,1,1,1
מִ,בֶּ,בֶּ,1,1,1
מִ,בִּ,בִּ,1,1,1
מִ,בֻּ,בֻּ,1,1,1
מִ,בֱּ,בֱּ,1,1,1
מִ,בֲּ,בֲּ,1,1,1
מִ,בֳּ,בֳּ,1,1,1
מִ,גְּ,גְּ,1,1,1
מִ,גֹּ,גֹּ,1,1,1
מִ,גָּ,גָּ,1,1,1
מִ,גֵּ,גֵּ,1,1,1
מִ,גַּ,גַּ,1,1,1
מִ,גֶּ,גֶּ,1,1,1
מִ,גִּ,גִּ,1,1,1
מִ,גֻּ,גֻּ,1,1,1
מִ,גֱּ,גֱּ,1,1,1
מִ,גֲּ,גֲּ,1,1,1
מִ,גֳּ,גֳּ,1,1,1
מִ,דְּ,דְּ,1,1,1
מִ,דֹּ,דֹּ,1,1,1
מִ,דָּ,דָּ,1,1,1
מִ,דֵּ,דֵּ,1,1,1
מִ,דַּ,דַּ,1,1,1
מִ,דֶּ,דֶּ,1,1,1
מִ,דִּ,דִּ,1,1,1
מִ,דֻּ,דֻּ,1,1,1
מִ,דֱּ,דֱּ,1,1,1
מִ,דֲּ,דֲּ,1,1,1
מִ,דֳּ,דֳּ,1,1,1
מִ,כְּ,כְּ,1,1,1
מִ,כֹּ,כֹּ,1,1,1
מִ,כָּ,כָּ,1,1,1
מִ,כֵּ,כֵּ,1,1,1
מִ,כַּ,כַּ,1,1,1
מִ,כֶּ,כֶּ,1,1,1
מִ,כִּ,כִּ,1,1,1
מִ,כֻּ,כֻּ,1,1,1
מִ,כֱּ,כֱּ,1,1,1
מִ,כֲּ,כֲּ,1,1,1
מִ,כֳּ,כֳּ,1,1,1
מִ,פְּ,פְּ,1,1,1
מִ,פֹּ,פֹּ,1,1,1
מִ,פָּ,פָּ,1,1,1
מִ,פֵּ,פֵּ,1,1,1
מִ,פַּ,פַּ,1,1,1
מִ,פֶּ,פֶּ,1,1,1
מִ,פִּ,פִּ,1,1,1
מִ,פֻּ,פֻּ,1,1,1
מִ,פֱּ,פֱּ,1,1,1
מִ,פֲּ,פֲּ,1,1,1
מִ,פֳּ,פֳּ,1,1,1
מִ,תְּ,תְּ,1,1,1
מִ,תֹּ,תֹּ,1,1,1
מִ,תָּ,תָּ,1,1,1
מִ,תֵּ,תֵּ,1,1,1
מִ,תַּ,תַּ,1,1,1
מִ,תֶּ,תֶּ,1,1,1
מִ,תִּ,תִּ,1,1,1
מִ,תֻּ,תֻּ,1,1,1
מִ,תֱּ,תֱּ,1,1,1
מִ,תֲּ,תֲּ,1,1,1
מִ,תֳּ,תֳּ,1,1,1
מִ,וְּ,וְ,1,1,1
מִ,וֹּ,וֹ,1,1,1
מִ,וָּ,וָ,1,1,1
מִ,וֵּ,וֵ,1,1,1
מִ,וַּ,וַ,1,1,1
מִ,וֶּ,וֶ,1,1,1
מִ,וִּ,וִ,1,1,1
מִ,וֻּ,וֻ,1,1,1
מִ,וֱּ,וֱ,1,1,1
מִ,וֲּ,וֲ,1,1,1
מִ,וֳּ,וֳ,1,1,1
מִ,זְּ,זְ,1,1,1
מִ,זֹּ,זֹ,1,1,1
מִ,זָּ,זָ,1,1,1
מִ,זֵּ,זֵ,1,1,1
מִ,זַּ,זַ,1,1,1
מִ,זֶּ,זֶ,1,1,1
מִ,זִּ,זִ,1,1,1
מִ,זֻּ,זֻ,1,1,1
מִ,זֱּ,זֱ,1,1,1
מִ,זֲּ,זֲ,1,1,1
מִ,זֳּ,זֳ,1,1,1
מִ,טְּ,טְ,1,1,1
מִ,טֹּ,טֹ,1,1,1
מִ,טָּ,טָ,1,1,1
מִ,טֵּ,טֵ,1,1,1
מִ,טַּ,טַ,1,1,1
מִ,טֶּ,טֶ,1,1,1
מִ,טִּ,טִ,1,1,1
מִ,טֻּ,טֻ,1,1,1
מִ,טֱּ,טֱ,1,1,1
מִ,טֲּ,טֲ,1,1,1
מִ,טֳּ,טֳ,1,1,1
מִ,יְּ,יְ,1,1,1
מִ,יֹּ,יֹ,1,1,1
מִ,יָּ,יָ,1,1,1
מִ,יֵּ,יֵ,1,1,1
מִ,יַּ,יַ,1,1,1
מִ,יֶּ,יֶ,1,1,1
מִ,יִּ,יִ,1,1,1
מִ,יֻּ,יֻ,1,1,1
מִ,יֱּ,יֱ,1,1,1
מִ,יֲּ,יֲ,1,1,1
מִ,יֳּ,יֳ,1,1,1
מִ,לְּ,לְ,1,1,1
מִ,לֹּ,לֹ,1,1,1
מִ,לָּ,לָ,1,1,1
מִ,לֵּ,לֵ,1,1,1
מִ,לַּ,לַ,1,1,1
מִ,לֶּ,לֶ,1,1,1
מִ,לִּ,לִ,1,1,1
מִ,לֻּ,לֻ,1,1,1
מִ,לֱּ,לֱ,1,1,1
מִ,לֲּ,לֲ,1,1,1
מִ,לֳּ,לֳ,1,1,1
מִ,מְּ,מְ,1,1,1
מִ,מֹּ,מֹ,1,1,1
מִ,מָּ,מָ,1,1,1
מִ,מֵּ,מֵ,1,1,1
מִ,מַּ,מַ,1,1,1
מִ,מֶּ,מֶ,1,1,1
מִ,מִּ,מִ,1,1,1
מִ,מֻּ,מֻ,1,1,1
מִ,מֱּ,מֱ,1,1,1
מִ,מֲּ,מֲ,1,1,1
מִ,מֳּ,מֳ,1,1,1
מִ,נְּ,נְ,1,1,1
מִ,נֹּ,נֹ,1,1,1
מִ,נָּ,נָ,1,1,1
מִ,נֵּ,נֵ,1,1,1
מִ,נַּ,נַ,1,1,1
מִ,נֶּ,נֶ,1,1,1
מִ,נִּ,נִ,1,1,1
מִ,נֻּ,נֻ,1,1,1
מִ,נֱּ,נֱ,1,1,1
מִ,נֲּ,נֲ,1,1,1
מִ,נֳּ,נֳ,1,1,1
מִ,סְּ,סְ,1,1,1
מִ,סֹּ,סֹ,1,1,1
מִ,סָּ,סָ,1,1,1
מִ,סֵּ,סֵ,1,1,1
מִ,סַּ,סַ,1,1,1
מִ,סֶּ,סֶ,1,1,1
מִ,סִּ,סִ,1,1,1
מִ,סֻּ,סֻ,1,1,1
מִ,סֱּ,סֱ,1,1,1
מִ,סֲּ,סֲ,1,1,1
מִ,סֳּ,סֳ,1,1,1
מִ,צְּ,צְ,1,1,1
מִ,צֹּ,צֹ,1,1,1
מִ,צָּ,צָ,1,1,1
מִ,צֵּ,צֵ,1,1,1
מִ,צַּ,צַ,1,1,1
מִ,צֶּ,צֶ,1,1,1
מִ,צִּ,צִ,1,1,1
מִ,צֻּ,צֻ,1,1,1
מִ,צֱּ,צֱ,1,1,1
מִ,צֲּ,צֲ,1,1,1
מִ,צֳּ,צֳ,1,1,1
מִ,קְּ,קְ,1,1,1
מִ,קֹּ,קֹ,1,1,1
מִ,קָּ,קָ,1,1,1
מִ,קֵּ,קֵ,1,1,1
מִ,קַּ,קַ,1,1,1
מִ,קֶּ,קֶ,1,1,1
מִ,קִּ,קִ,1,1,1
מִ,קֻּ,קֻ,1,1,1
מִ,קֱּ,קֱ,1,1,1
מִ,קֲּ,קֲ,1,1,1
מִ,קֳּ,קֳ,1,1,1
מִ,שְּׁ,שְׁ,1,1,1
מִ,שֹּׁ,שֹׁ,1,1,1
מִ,שָּׁ,שָׁ,1,1,1
מִ,שֵּׁ,שֵׁ,1,1,1
מִ,שַּׁ,שַׁ,1,1,1
מִ,שֶּׁ,שֶׁ,1,1,1
מִ,שִּׁ,שִׁ,1,1,1
מִ,שֻּׁ,שֻׁ,1,1,1
מִ,שֱּׁ,שֱׁ,1,1,1
מִ,שֲּׁ,שֲׁ,1,1,1
מִ,שֳּׁ,שֳׁ,1,1,1
מִ,שְּׂ,שְׂ,1,1,1
מִ,שֹּׂ,שֹׂ,1,1,1
מִ,שָּׂ,שָׂ,1,1,1
מִ,שֵּׂ,שֵׂ,1,1,1
מִ,שַּׂ,שַׂ,1,1,1
מִ,שֶּׂ,שֶׂ,1,1,1
מִ,שִּׂ,שִׂ,1,1,1
מִ,שֻּׂ,שֻׂ,1,1,1
מִ,שֱּׂ,שֱׂ,1,1,1
מִ,שֲּׂ,שֲׂ,1,1,1
מִ,שֳּׂ,שֳׂ,1,1,1
הֶ,הָ,הָ,1,1,1
הֶ,חָ,חָ,1,1,1
הֶ,חֳ,חֳ,1,1,1
הֶ,עָ,עָ,1,1,1
הָ,אֹ,אֹ,1,1,1
הָ,אָ,אָ,1,1,1
הָ,אֵ,אֵ,1,1,1
הָ,אַ,אַ,1,1,1
הָ,אֶ,אֶ,1,1,1
הָ,אִ,אִ,1,1,1
הָ,אֻ,אֻ,1,1,1
הָ,אֱ,אֱ,1,1,1
הָ,אֲ,אֲ,1,1,1
הָ,אֳ,אֳ,1,1,1
הָ,עֹ,עֹ,1,1,1
הָ,עָ,עָ,1,1,1
הָ,עֵ,עֵ,1,1,1
הָ,עַ,עַ,1,1,1
הָ,עֶ,עֶ,1,1,1
הָ,עִ,עִ,1,1,1
הָ,עֻ,עֻ,1,1,1
הָ,עֱ,עֱ,1,1,1
הָ,עֲ,עֲ,1,1,1
הָ,עֳ,עֳ,1,1,1
הָ,רֹ,רֹ,1,1,1
הָ,רָ,רָ,1,1,1
הָ,רֵ,רֵ,1,1,1
הָ,רַ,רַ,1,1,1
הָ,רֶ,רֶ,1,1,1
הָ,רִ,רִ,1,1,1
הָ,רֻ,רֻ,1,1,1
הָ,רֱ,רֱ,1,1,1
הָ,רֲ,רֲ,1,1,1
הָ,רֳ,רֳ,1,1,1
הָ,רְ,רְ,1,1,1
הַ,הֹ,הֹ,1,1,1
הַ,הָ,הָ,1,1,1
הַ,הֵ,הֵ,1,1,1
הַ,הַ,הַ,1,1,1
הַ,הֶ,הֶ,1,1,1
הַ,הִ,הִ,1,1,1
הַ,הֻ,הֻ,1,1,1
הַ,הֱ,הֱ,1,1,1
הַ,הֲ,הֲ,1,1,1
הַ,הֳ,הֳ,1,1,1
הַ,חֹ,חֹ,1,1,1
הַ,חָ,חָ,1,1,1
הַ,חֵ,חֵ,1,1,1
הַ,חַ,חַ,1,1,1
הַ,חֶ,חֶ,1,1,1
הַ,חִ,חִ,1,1,1
הַ,חֻ,חֻ,1,1,1
הַ,חֱ,חֱ,1,1,1
הַ,חֲ,חֲ,1,1,1
הַ,חֳ,חֳ,1,1,1
הַ,חְ,חְ,1,1,1
הַ,בְּ,בְ,1,1,1
הַ,בֹּ,בֹ,1,1,1
הַ,בָּ,בָ,1,1,1
הַ,בֵּ,בֵ,1,1,1
הַ,בַּ,בַ,1,1,1
הַ,בֶּ,בֶ,1,1,1
הַ,בִּ,בִ,1,1,1
הַ,בֻּ,בֻ,1,1,1
הַ,בֱּ,בֱ,1,1,1
הַ,בֲּ,בֲ,1,1,1
הַ,בֳּ,בֳ,1,1,1
הַ,גְּ,גְ,1,1,1
הַ,גֹּ,גֹ,1,1,1
הַ,גָּ,גָ,1,1,1
הַ,גֵּ,גֵ,1,1,1
הַ,גַּ,גַ,1,1,1
הַ,גֶּ,גֶ,1,1,1
הַ,גִּ,גִ,1,1,1
הַ,גֻּ,גֻ,1,1,1
הַ,גֱּ,גֱ,1,1,1
הַ,גֲּ,גֲ,1,1,1
הַ,גֳּ,גֳ,1,1,1
הַ,דְּ,דְ,1,1,1
הַ,דֹּ,דֹ,1,1,1
הַ,דָּ,דָ,1,1,1
הַ,דֵּ,דֵ,1,1,1
הַ,דַּ,דַ,1,1,1
הַ,דֶּ,דֶ,1,1,1
הַ,דִּ,דִ,1,1,1
הַ,דֻּ,דֻ,1,1,1
הַ,דֱּ,דֱ,1,1,1
הַ,דֲּ,דֲ,1,1,1
הַ,דֳּ,דֳ,1,1,1
הַ,כְּ,כְ,1,1,1
הַ,כֹּ,כֹ,1,1,1
הַ,כָּ,כָ,1,1,1
הַ,כֵּ,כֵ,1,1,1
הַ,כַּ,כַ,1,1,1
הַ,כֶּ,כֶ,1,1,1
הַ,כִּ,כִ,1,1,1
הַ,כֻּ,כֻ,1,1,1
הַ,כֱּ,כֱ,1,1,1
הַ,כֲּ,כֲ,1,1,1
הַ,כֳּ,כֳ,1,1,1
הַ,פְּ,פְ,1,1,1
הַ,פֹּ,פֹ,1,1,1
הַ,פָּ,פָ,1,1,1
הַ,פֵּ,פֵ,1,1,1
הַ,פַּ,פַ,1,1,1
הַ,פֶּ,פֶ,1,1,1
הַ,פִּ,פִ,1,1,1
הַ,פֻּ,פֻ,1,1,1
הַ,פֱּ,פֱ,1,1,1
הַ,פֲּ,פֲ,1,1,1
הַ,פֳּ,פֳ,1,1,1
הַ,תְּ,תְ,1,1,1
הַ,תֹּ,תֹ,1,1,1
הַ,תָּ,תָ,1,1,1
הַ,תֵּ,תֵ,1,1,1
הַ,תַּ,תַ,1,1,1
הַ,תֶּ,תֶ,1,1,1
הַ,תִּ,תִ,1,1,1
הַ,תֻּ,תֻ,1,1,1
הַ,תֱּ,תֱ,1,1,1
הַ,תֲּ,תֲ,1,1,1
הַ,תֳּ,תֳ,1,1,1
הַ,וְּ,וְ,1,1,1
הַ,וֹּ,וֹ,1,1,1
הַ,וָּ,וָ,1,1,1
הַ,וֵּ,וֵ,1,1,1
הַ,וַּ,וַ,1,1,1
הַ,וֶּ,וֶ,1,1,1
הַ,וִּ,וִ,1,1,1
הַ,וֻּ,וֻ,1,1,1
הַ,וֱּ,וֱ,1,1,1
הַ,וֲּ,וֲ,1,1,1
הַ,וֳּ,וֳ,1,1,1
הַ,זְּ,זְ,1,1,1
הַ,זֹּ,זֹ,1,1,1
הַ,זָּ,זָ,1,1,1
הַ,זֵּ,זֵ,1,1,1
הַ,זַּ,זַ,1,1,1
הַ,זֶּ,זֶ,1,1,1
הַ,זִּ,זִ,1,1,1
הַ,זֻּ,זֻ,1,1,1
הַ,זֱּ,זֱ,1,1,1
הַ,זֲּ,זֲ,1,1,1
הַ,זֳּ,זֳ,1,1,1
הַ,טְּ,טְ,1,1,1
הַ,טֹּ,טֹ,1,1,1
הַ,טָּ,טָ,1,1,1
הַ,טֵּ,טֵ,1,1,1
הַ,טַּ,טַ,1,1,1
הַ,טֶּ,טֶ,1,1,1
הַ,טִּ,טִ,1,1,1
הַ,טֻּ,טֻ,1,1,1
הַ,טֱּ,טֱ,1,1,1
הַ,טֲּ,טֲ,1,1,1
הַ,טֳּ,טֳ,1,1,1
הַ,יְּ,יְ,1,1,1
הַ,יֹּ,יֹ,1,1,1
הַ,יָּ,יָ,1,1,1
הַ,יֵּ,יֵ,1,1,1
הַ,יַּ,יַ,1,1,1
הַ,יֶּ,יֶ,1,1,1
הַ,יִּ,יִ,1,1,1
הַ,יֻּ,יֻ,1,1,1
הַ,יֱּ,יֱ,1,1,1
הַ,יֲּ,יֲ,1,1,1
הַ,יֳּ,יֳ,1,1,1
הַ,לְּ,לְ,1,1,1
הַ,לֹּ,לֹ,1,1,1
הַ,לָּ,לָ,1,1,1
הַ,לֵּ,לֵ,1,1,1
הַ,לַּ,לַ,1,1,1
הַ,לֶּ,לֶ,1,1,1
הַ,לִּ,לִ,1,1,1
הַ,לֻּ,לֻ,1,1,1
הַ,לֱּ,לֱ,1,1,1
הַ,לֲּ,לֲ,1,1,1
הַ,לֳּ,לֳ,1,1,1
הַ,מְּ,מְ,1,1,1
הַ,מֹּ,מֹ,1,1,1
הַ,מָּ,מָ,1,1,1
הַ,מֵּ,מֵ,1,1,1
הַ,מַּ,מַ,1,1,1
הַ,מֶּ,מֶ,1,1,1
הַ,מִּ,מִ,1,1,1
הַ,מֻּ,מֻ,1,1,1
הַ,מֱּ,מֱ,1,1,1
הַ,מֲּ,מֲ,1,1,1
הַ,מֳּ,מֳ,1,1,1
הַ,נְּ,נְ,1,1,1
הַ,נֹּ,נֹ,1,1,1
הַ,נָּ,נָ,1,1,1
הַ,נֵּ,נֵ,1,1,1
הַ,נַּ,נַ,1,1,1
הַ,נֶּ,נֶ,1,1,1
הַ,נִּ,נִ,1,1,1
הַ,נֻּ,נֻ,1,1,1
הַ,נֱּ,נֱ,1,1,1
הַ,נֲּ,נֲ,1,1,1
הַ,נֳּ,נֳ,1,1,1
הַ,סְּ,סְ,1,1,1
הַ,סֹּ,סֹ,1,1,1
הַ,סָּ,סָ,1,1,1
הַ,סֵּ,סֵ,1,1,1
הַ,סַּ,סַ,1,1,1
הַ,סֶּ,סֶ,1,1,1
הַ,סִּ,סִ,1,1,1
הַ,סֻּ,סֻ,1,1,1
הַ,סֱּ,סֱ,1,1,1
הַ,סֲּ,סֲ,1,1,1
הַ,סֳּ,סֳ,1,1,1
הַ,צְּ,צְ,1,1,1
הַ,צֹּ,צֹ,1,1,1
הַ,צָּ,צָ,1,1,1
הַ,צֵּ,צֵ,1,1,1
הַ,צַּ,צַ,1,1,1
הַ,צֶּ,צֶ,1,1,1
הַ,צִּ,צִ,1,1,1
הַ,צֻּ,צֻ,1,1,1
הַ,צֱּ,צֱ,1,1,1
הַ,צֲּ,צֲ,1,1,1
הַ,צֳּ,צֳ,1,1,1
הַ,קְּ,קְ,1,1,1
הַ,קֹּ,קֹ,1,1,1
הַ,קָּ,קָ,1,1,1
הַ,קֵּ,קֵ,1,1,1
הַ,קַּ,קַ,1,1,1
הַ,קֶּ,קֶ,1,1,1
הַ,קִּ,קִ,1,1,1
הַ,קֻּ,קֻ,1,1,1
הַ,קֱּ,קֱ,1,1,1
הַ,קֲּ,קֲ,1,1,1
הַ,קֳּ,קֳ,1,1,1
הַ,שְּׁ,שְׁ,1,1,1
הַ,שֹּׁ,שֹׁ,1,1,1
הַ,שָּׁ,שָׁ,1,1,1
הַ,שֵּׁ,שֵׁ,1,1,1
הַ,שַּׁ,שַׁ,1,1,1
הַ,שֶּׁ,שֶׁ,1,1,1
הַ,שִּׁ,שִׁ,1,1,1
הַ,שֻּׁ,שֻׁ,1,1,1
הַ,שֱּׁ,שֱׁ,1,1,1
הַ,שֲּׁ,שֲׁ,1,1,1
הַ,שֳּׁ,שֳׁ,1,1,1
הַ,שְּׂ,שְׂ,1,1,1
הַ,שֹּׂ,שֹׂ,1,1,1
הַ,שָּׂ,שָׂ,1,1,1
הַ,שֵּׂ,שֵׂ,1,1,1
הַ,שַּׂ,שַׂ,1,1,1
הַ,שֶּׂ,שֶׂ,1,1,1
הַ,שִּׂ,שִׂ,1,1,1
הַ,שֻּׂ,שֻׂ,1,1,1
הַ,שֱּׂ,שֱׂ,1,1,1
הַ,שֲּׂ,שֲׂ,1,1,1
הַ,שֳּׂ,שֳׂ,1,1,1
כֶּ,הָ,הָ,1,1,1
כֶּ,חָ,חָ,1,1,1
כֶּ,חֳ,חֳ,1,1,1
כֶּ,עָ,עָ,1,1,1
כָּ,אֹ,אֹ,1,1,1
כָּ,אָ,אָ,1,1,1
כָּ,אֵ,אֵ,1,1,1
כָּ,אַ,אַ,1,1,1
כָּ,אֶ,אֶ,1,1,1
כָּ,אִ,אִ,1,1,1
כָּ,אֻ,אֻ,1,1,1
כָּ,אֱ,אֱ,1,1,1
כָּ,אֲ,אֲ,1,1,1
כָּ,אֳ,אֳ,1,1,1
כָּ,עֹ,עֹ,1,1,1
כָּ,עָ,עָ,1,1,1
כָּ,עֵ,עֵ,1,1,1
כָּ,עַ,עַ,1,1,1
כָּ,עֶ,עֶ,1,1,1
כָּ,עִ,עִ,1,1,1
כָּ,עֻ,עֻ,1,1,1
כָּ,עֱ,עֱ,1,1,1
כָּ,עֲ,עֲ,1,1,1
כָּ,עֳ,עֳ,1,1,1
כָּ,רֹ,רֹ,1,1,1
כָּ,רָ,רָ,1,1,1
כָּ,רֵ,רֵ,1,1,1
כָּ,רַ,רַ,1,1,1
כָּ,רֶ,רֶ,1,1,1
כָּ,רִ,רִ,1,1,1
כָּ,רֻ,רֻ,1,1,1
כָּ,רֱ,רֱ,1,1,1
כָּ,רֲ,רֲ,1,1,1
כָּ,רֳ,רֳ,1,1,1
כָּ,רְ,רְ,1,1,1
כַּ,הֹ,הֹ,1,1,1
כַּ,הָ,הָ,1,1,1
כַּ,הֵ,הֵ,1,1,1
כַּ,הַ,הַ,1,1,1
כַּ,הֶ,הֶ,1,1,1
כַּ,הִ,הִ,1,1,1
כַּ,הֻ,הֻ,1,1,1
כַּ,הֱ,הֱ,1,1,1
כַּ,הֲ,הֲ,1,1,1
כַּ,הֳ,הֳ,1,1,1
כַּ,חֹ,חֹ,1,1,1
כַּ,חָ,חָ,1,1,1
כַּ,חֵ,חֵ,1,1,1
כַּ,חַ,חַ,1,1,1
כַּ,חֶ,חֶ,1,1,1
כַּ,חִ,חִ,1,1,1
כַּ,חֻ,חֻ,1,1,1
כַּ,חֱ,חֱ,1,1,1
כַּ,חֲ,חֲ,1,1,1
כַּ,חֳ,חֳ,1,1,1
כַּ,חְ,חְ,1,1,1
כַּ,בְּ,בְ,1,1,1
כַּ,בֹּ,בֹ,1,1,1
כַּ,בָּ,בָ,1,1,1
כַּ,בֵּ,בֵ,1,1,1
כַּ,בַּ,בַ,1,1,1
כַּ,בֶּ,בֶ,1,1,1
כַּ,בִּ,בִ,1,1,1
כַּ,בֻּ,בֻ,1,1,1
כַּ,בֱּ,בֱ,1,1,1
כַּ,בֲּ,בֲ,1,1,1
כַּ,בֳּ,בֳ,1,1,1
כַּ,גְּ,גְ,1,1,1
כַּ,גֹּ,גֹ,1,1,1
כַּ,גָּ,גָ,1,1,1
כַּ,גֵּ,גֵ,1,1,1
כַּ,גַּ,גַ,1,1,1
כַּ,גֶּ,גֶ,1,1,1
כַּ,גִּ,גִ,1,1,1
כַּ,גֻּ,גֻ,1,1,1
כַּ,גֱּ,גֱ,1,1,1
כַּ,גֲּ,גֲ,1,1,1
כַּ,גֳּ,גֳ,1,1,1
כַּ,דְּ,דְ,1,1,1
כַּ,דֹּ,דֹ,1,1,1
כַּ,דָּ,דָ,1,1,1
כַּ,דֵּ,דֵ,1,1,1
כַּ,דַּ,דַ,1,1,1
כַּ,דֶּ,דֶ,1,1,1
כַּ,דִּ,דִ,1,1,1
כַּ,דֻּ,דֻ,1,1,1
כַּ,דֱּ,דֱ,1,1,1
כַּ,דֲּ,דֲ,1,1,1
כַּ,דֳּ,דֳ,1,1,1
כַּ,כְּ,כְ,1,1,1
כַּ,כֹּ,כֹ,1,1,1
כַּ,כָּ,כָ,1,1,1
כַּ,כֵּ,כֵ,1,1,1
כַּ,כַּ,כַ,1,1,1
כַּ,כֶּ,כֶ,1,1,1
כַּ,כִּ,כִ,1,1,1
כַּ,כֻּ,כֻ,1,1,1
כַּ,כֱּ,כֱ,1,1,1
כַּ,כֲּ,כֲ,1,1,1
כַּ,כֳּ,כֳ,1,1,1
כַּ,פְּ,פְ,1,1,1
כַּ,פֹּ,פֹ,1,1,1
כַּ,פָּ,פָ,1,1,1
כַּ,פֵּ,פֵ,1,1,1
כַּ,פַּ,פַ,1,1,1
כַּ,פֶּ,פֶ,1,1,1
כַּ,פִּ,פִ,1,1,1
כַּ,פֻּ,פֻ,1,1,1
כַּ,פֱּ,פֱ,1,1,1
כַּ,פֲּ,פֲ,1,1,1
כַּ,פֳּ,פֳ,1,1,1
כַּ,תְּ,תְ,1,1,1
כַּ,תֹּ,תֹ,1,1,1
כַּ,תָּ,תָ,1,1,1
כַּ,תֵּ,תֵ,1,1,1
כַּ,תַּ,תַ,1,1,1
כַּ,תֶּ,תֶ,1,1,1
כַּ,תִּ,תִ,1,1,1
כַּ,תֻּ,תֻ,1,1,1
כַּ,תֱּ,תֱ,1,1,1
כַּ,תֲּ,תֲ,1,1,1
כַּ,תֳּ,תֳ,1,1,1
כַּ,וְּ,וְ,1,1,1
כַּ,וֹּ,וֹ,1,1,1
כַּ,וָּ,וָ,1,1,1
כַּ,וֵּ,וֵ,1,1,1
כַּ,וַּ,וַ,1,1,1
כַּ,וֶּ,וֶ,1,1,1
כַּ,וִּ,וִ,1,1,1
כַּ,וֻּ,וֻ,1,1,1
כַּ,וֱּ,וֱ,1,1,1
כַּ,וֲּ,וֲ,1,1,1
כַּ,וֳּ,וֳ,1,1,1
כַּ,זְּ,זְ,1,1,1
כַּ,זֹּ,זֹ,1,1,1
כַּ,זָּ,זָ,1,1,1
כַּ,זֵּ,זֵ,1,1,1
כַּ,זַּ,זַ,1,1,1
כַּ,זֶּ,זֶ,1,1,1
כַּ,זִּ,זִ,1,1,1
כַּ,זֻּ,זֻ,1,1,1
כַּ,זֱּ,זֱ,1,1,1
כַּ,זֲּ,זֲ,1,1,1
כַּ,זֳּ,זֳ,1,1,1
כַּ,טְּ,טְ,1,1,1
כַּ,טֹּ,טֹ,1,1,1
כַּ,טָּ,טָ,1,1,1
כַּ,טֵּ,טֵ,1,1,1
כַּ,טַּ,טַ,1,1,1
כַּ,טֶּ,טֶ,1,1,1
כַּ,טִּ,טִ,1,1,1
כַּ,טֻּ,טֻ,1,1,1
כַּ,טֱּ,טֱ,1,1,1
כַּ,טֲּ,טֲ,1,1,1
כַּ,טֳּ,טֳ,1,1,1
כַּ,יְּ,יְ,1,1,1
כַּ,יֹּ,יֹ,1,1,1
כַּ,יָּ,יָ,1,1,1
כַּ,יֵּ,יֵ,1,1,1
כַּ,יַּ,יַ,1,1,1
כַּ,יֶּ,יֶ,1,1,1
כַּ,יִּ,יִ,1,1,1
כַּ,יֻּ,יֻ,1,1,1
כַּ,יֱּ,יֱ,1,1,1
כַּ,יֲּ,יֲ,1,1,1
כַּ,יֳּ,יֳ,1,1,1
כַּ,לְּ,לְ,1,1,1
כַּ,לֹּ,לֹ,1,1,1
כַּ,לָּ,לָ,1,1,1
כַּ,לֵּ,לֵ,1,1,1
כַּ,לַּ,לַ,1,1,1
כַּ,לֶּ,לֶ,1,1,1
כַּ,לִּ,לִ,1,1,1
כַּ,לֻּ,לֻ,1,1,1
כַּ,לֱּ,לֱ,1,1,1
כַּ,לֲּ,לֲ,1,1,1
כַּ,לֳּ,לֳ,1,1,1
כַּ,מְּ,מְ,1,1,1
כַּ,מֹּ,מֹ,1,1,1
כַּ,מָּ,מָ,1,1,1
כַּ,מֵּ,מֵ,1,1,1
כַּ,מַּ,מַ,1,1,1
כַּ,מֶּ,מֶ,1,1,1
כַּ,מִּ,מִ,1,1,1
כַּ,מֻּ,מֻ,1,1,1
כַּ,מֱּ,מֱ,1,1,1
כַּ,מֲּ,מֲ,1,1,1
כַּ,מֳּ,מֳ,1,1,1
כַּ,נְּ,נְ,1,1,1
כַּ,נֹּ,נֹ,1,1,1
כַּ,נָּ,נָ,1,1,1
כַּ,נֵּ,נֵ,1,1,1
כַּ,נַּ,נַ,1,1,1
כַּ,נֶּ,נֶ,1,1,1
כַּ,נִּ,נִ,1,1,1
כַּ,נֻּ,נֻ,1,1,1
כַּ,נֱּ,נֱ,1,1,1
כַּ,נֲּ,נֲ,1,1,1
כַּ,נֳּ,נֳ,1,1,1
כַּ,סְּ,סְ,1,1,1
כַּ,סֹּ,סֹ,1,1,1
כַּ,סָּ,סָ,1,1,1
כַּ,סֵּ,סֵ,1,1,1
כַּ,סַּ,סַ,1,1,1
כַּ,סֶּ,סֶ,1,1,1
כַּ,סִּ,סִ,1,1,1
כַּ,סֻּ,סֻ,1,1,1
כַּ,סֱּ,סֱ,1,1,1
כַּ,סֲּ,סֲ,1,1,1
כַּ,סֳּ,סֳ,1,1,1
כַּ,צְּ,צְ,1,1,1
כַּ,צֹּ,צֹ,1,1,1
כַּ,צָּ,צָ,1,1,1
כַּ,צֵּ,צֵ,1,1,1
כַּ,צַּ,צַ,1,1,1
כַּ,צֶּ,צֶ,1,1,1
כַּ,צִּ,צִ,1,1,1
כַּ,צֻּ,צֻ,1,1,1
כַּ,צֱּ,צֱ,1,1,1
כַּ,צֲּ,צֲ,1,1,1
כַּ,צֳּ,צֳ,1,1,1
כַּ,קְּ,קְ,1,1,1
כַּ,קֹּ,קֹ,1,1,1
כַּ,קָּ,קָ,1,1,1
כַּ,קֵּ,קֵ,1,1,1
כַּ,קַּ,קַ,1,1,1
כַּ,קֶּ,קֶ,1,1,1
כַּ,קִּ,קִ,1,1,1
כַּ,קֻּ,קֻ,1,1,1
כַּ,קֱּ,קֱ,1,1,1
כַּ,קֲּ,קֲ,1,1,1
כַּ,קֳּ,קֳ,1,1,1
כַּ,שְּׁ,שְׁ,1,1,1
כַּ,שֹּׁ,שֹׁ,1,1,1
כַּ,שָּׁ,שָׁ,1,1,1
כַּ,שֵּׁ,שֵׁ,1,1,1
כַּ,שַּׁ,שַׁ,1,1,1
כַּ,שֶּׁ,שֶׁ,1,1,1
כַּ,שִּׁ,שִׁ,1,1,1
כַּ,שֻּׁ,שֻׁ,1,1,1
כַּ,שֱּׁ,שֱׁ,1,1,1
כַּ,שֲּׁ,שֲׁ,1,1,1
כַּ,שֳּׁ,שֳׁ,1,1,1
כַּ,שְּׂ,שְׂ,1,1,1
כַּ,שֹּׂ,שֹׂ,1,1,1
כַּ,שָּׂ,שָׂ,1,1,1
כַּ,שֵּׂ,שֵׂ,1,1,1
כַּ,שַּׂ,שַׂ,1,1,1
כַּ,שֶּׂ,שֶׂ,1,1,1
כַּ,שִּׂ,שִׂ,1,1,1
כַּ,שֻּׂ,שֻׂ,1,1,1
כַּ,שֱּׂ,שֱׂ,1,1,1
כַּ,שֲּׂ,שֲׂ,1,1,1
כַּ,שֳּׂ,שֳׂ,1,1,1
לֶ,הָ,הָ,1,1,1
לֶ,חָ,חָ,1,1,1
לֶ,חֳ,חֳ,1,1,1
לֶ,עָ,עָ,1,1,1
לָ,אֹ,אֹ,1,1,1
לָ,אָ,אָ,1,1,1
לָ,אֵ,אֵ,1,1,1
לָ,אַ,אַ,1,1,1
לָ,אֶ,אֶ,1,1,1
לָ,אִ,אִ,1,1,1
לָ,אֻ,אֻ,1,1,1
לָ,אֱ,אֱ,1,1,1
לָ,אֲ,אֲ,1,1,1
לָ,אֳ,אֳ,1,1,1
לָ,עֹ,עֹ,1,1,1
לָ,עָ,עָ,1,1,1
לָ,עֵ,עֵ,1,1,1
לָ,עַ,עַ,1,1,1
לָ,עֶ,עֶ,1,1,1
לָ,עִ,עִ,1,1,1
לָ,עֻ,עֻ,1,1,1
לָ,עֱ,עֱ,1,1,1
לָ,עֲ,עֲ,1,1,1
לָ,עֳ,עֳ,1,1,1
לָ,רֹ,רֹ,1,1,1
לָ,רָ,רָ,1,1,1
לָ,רֵ,רֵ,1,1,1
לָ,רַ,רַ,1,1,1
לָ,רֶ,רֶ,1,1,1
לָ,רִ,רִ,1,1,1
לָ,רֻ,רֻ,1,1,1
לָ,רֱ,רֱ,1,1,1
לָ,רֲ,רֲ,1,1,1
לָ,רֳ,רֳ,1,1,1
לָ,רְ,רְ,1,1,1
לַ,הֹ,הֹ,1,1,1
לַ,הָ,הָ,1,1,1
לַ,הֵ,הֵ,1,1,1
לַ,הַ,הַ,1,1,1
לַ,הֶ,הֶ,1,1,1
לַ,הִ,הִ,1,1,1
לַ,הֻ,הֻ,1,1,1
לַ,הֱ,הֱ,1,1,1
לַ,הֲ,הֲ,1,1,1
לַ,הֳ,הֳ,1,1,1
לַ,חֹ,חֹ,1,1,1
לַ,חָ,חָ,1,1,1
לַ,חֵ,חֵ,1,1,1
לַ,חַ,חַ,1,1,1
לַ,חֶ,חֶ,1,1,1
לַ,חִ,חִ,1,1,1
לַ,חֻ,חֻ,1,1,1
לַ,חֱ,חֱ,1,1,1
לַ,חֲ,חֲ,1,1,1
לַ,חֳ,חֳ,1,1,1
לַ,חְ,חְ,1,1,1
לַ,בְּ,בְ,1,1,1
לַ,בֹּ,בֹ,1,1,1
לַ,בָּ,בָ,1,1,1
לַ,בֵּ,בֵ,1,1,1
לַ,בַּ,בַ,1,1,1
לַ,בֶּ,בֶ,1,1,1
לַ,בִּ,בִ,1,1,1
לַ,בֻּ,בֻ,1,1,1
לַ,בֱּ,בֱ,1,1,1
לַ,בֲּ,בֲ,1,1,1
לַ,בֳּ,בֳ,1,1,1
לַ,גְּ,גְ,1,1,1
לַ,גֹּ,גֹ,1,1,1
לַ,גָּ,גָ,1,1,1
לַ,גֵּ,גֵ,1,1,1
לַ,גַּ,גַ,1,1,1
לַ,גֶּ,גֶ,1,1,1
לַ,גִּ,גִ,1,1,1
לַ,גֻּ,גֻ,1,1,1
לַ,גֱּ,גֱ,1,1,1
לַ,גֲּ,גֲ,1,1,1
לַ,גֳּ,גֳ,1,1,1
לַ,דְּ,דְ,1,1,1
לַ,דֹּ,דֹ,1,1,1
לַ,דָּ,דָ,1,1,1
לַ,דֵּ,דֵ,1,1,1
לַ,דַּ,דַ,1,1,1
לַ,דֶּ,דֶ,1,1,1
לַ,דִּ,דִ,1,1,1
לַ,דֻּ,דֻ,1,1,1
לַ,דֱּ,דֱ,1,1,1
לַ,דֲּ,דֲ,1,1,1
לַ,דֳּ,דֳ,1,1,1
לַ,כְּ,כְ,1,1,1
לַ,כֹּ,כֹ,1,1,1
לַ,כָּ,כָ,1,1,1
לַ,כֵּ,כֵ,1,1,1
לַ,כַּ,כַ,1,1,1
לַ,כֶּ,כֶ,1,1,1
לַ,כִּ,כִ,1,1,1
לַ,כֻּ,כֻ,1,1,1
לַ,כֱּ,כֱ,1,1,1
לַ,כֲּ,כֲ,1,1,1
לַ,כֳּ,כֳ,1,1,1
לַ,פְּ,פְ,1,1,1
לַ,פֹּ,פֹ,1,1,1
לַ,פָּ,פָ,1,1,1
לַ,פֵּ,פֵ,1,1,1
לַ,פַּ,פַ,1,1,1
לַ,פֶּ,פֶ,1,1,1
לַ,פִּ,פִ,1,1,1
לַ,פֻּ,פֻ,1,1,1
לַ,פֱּ,פֱ,1,1,1
לַ,פֲּ,פֲ,1,1,1
לַ,פֳּ,פֳ,1,1,1
לַ,תְּ,תְ,1,1,1
לַ,תֹּ,תֹ,1,1,1
לַ,תָּ,תָ,1,1,1
לַ,תֵּ,תֵ,1,1,1
לַ,תַּ,תַ,1,1,1
לַ,תֶּ,תֶ,1,1,1
לַ,תִּ,תִ,1,1,1
לַ,תֻּ,תֻ,1,1,1
לַ,תֱּ,תֱ,1,1,1
לַ,תֲּ,תֲ,1,1,1
לַ,תֳּ,תֳ,1,1,1
לַ,וְּ,וְ,1,1,1
לַ,וֹּ,וֹ,1,1,1
לַ,וָּ,וָ,1,1,1
לַ,וֵּ,וֵ,1,1,1
לַ,וַּ,וַ,1,1,1
לַ,וֶּ,וֶ,1,1,1
לַ,וִּ,וִ,1,1,1
לַ,וֻּ,וֻ,1,1,1
לַ,וֱּ,וֱ,1,1,1
לַ,וֲּ,וֲ,1,1,1
לַ,וֳּ,וֳ,1,1,1
לַ,זְּ,זְ,1,1,1
לַ,זֹּ,זֹ,1,1,1
לַ,זָּ,זָ,1,1,1
לַ,זֵּ,זֵ,1,1,1
לַ,זַּ,זַ,1,1,1
לַ,זֶּ,זֶ,1,1,1
לַ,זִּ,זִ,1,1,1
לַ,זֻּ,זֻ,1,1,1
לַ,זֱּ,זֱ,1,1,1
לַ,זֲּ,זֲ,1,1,1
לַ,זֳּ,זֳ,1,1,1
לַ,טְּ,טְ,1,1,1
לַ,טֹּ,טֹ,1,1,1
לַ,טָּ,טָ,1,1,1
לַ,טֵּ,טֵ,1,1,1
לַ,טַּ,טַ,1,1,1
לַ,טֶּ,טֶ,1,1,1
לַ,טִּ,טִ,1,1,1
לַ,טֻּ,טֻ,1,1,1
לַ,טֱּ,טֱ,1,1,1
לַ,טֲּ,טֲ,1,1,1
לַ,טֳּ,טֳ,1,1,1
לַ,יְּ,יְ,1,1,1
לַ,יֹּ,יֹ,1,1,1
לַ,יָּ,יָ,1,1,1
לַ,יֵּ,יֵ,1,1,1
לַ,יַּ,יַ,1,1,1
לַ,יֶּ,יֶ,1,1,1
לַ,יִּ,יִ,1,1,1
לַ,יֻּ,יֻ,1,1,1
לַ,יֱּ,יֱ,1,1,1
לַ,יֲּ,יֲ,1,1,1
לַ,יֳּ,יֳ,1,1,1
לַ,לְּ,לְ,1,1,1
לַ,לֹּ,לֹ,1,1,1
לַ,לָּ,לָ,1,1,1
לַ,לֵּ,לֵ,1,1,1
לַ,לַּ,לַ,1,1,1
לַ,לֶּ,לֶ,1,1,1
לַ,לִּ,לִ,1,1,1
לַ,לֻּ,לֻ,1,1,1
לַ,לֱּ,לֱ,1,1,1
לַ,לֲּ,לֲ,1,1,1
לַ,לֳּ,לֳ,1,1,1
לַ,מְּ,מְ,1,1,1
לַ,מֹּ,מֹ,1,1,1
לַ,מָּ,מָ,1,1,1
לַ,מֵּ,מֵ,1,1,1
לַ,מַּ,מַ,1,1,1
לַ,מֶּ,מֶ,1,1,1
לַ,מִּ,מִ,1,1,1
לַ,מֻּ,מֻ,1,1,1
לַ,מֱּ,מֱ,1,1,1
לַ,מֲּ,מֲ,1,1,1
לַ,מֳּ,מֳ,1,1,1
לַ,נְּ,נְ,1,1,1
לַ,נֹּ,נֹ,1,1,1
לַ,נָּ,נָ,1,1,1
לַ,נֵּ,נֵ,1,1,1
לַ,נַּ,נַ,1,1,1
לַ,נֶּ,נֶ,1,1,1
לַ,נִּ,נִ,1,1,1
לַ,נֻּ,נֻ,1,1,1
לַ,נֱּ,נֱ,1,1,1
לַ,נֲּ,נֲ,1,1,1
לַ,נֳּ,נֳ,1,1,1
לַ,סְּ,סְ,1,1,1
לַ,סֹּ,סֹ,1,1,1
לַ,סָּ,סָ,1,1,1
לַ,סֵּ,סֵ,1,1,1
לַ,סַּ,סַ,1,1,1
לַ,סֶּ,סֶ,1,1,1
לַ,סִּ,סִ,1,1,1
לַ,סֻּ,סֻ,1,1,1
לַ,סֱּ,סֱ,1,1,1
לַ,סֲּ,סֲ,1,1,1
לַ,סֳּ,סֳ,1,1,1
לַ,צְּ,צְ,1,1,1
לַ,צֹּ,צֹ,1,1,1
לַ,צָּ,צָ,1,1,1
לַ,צֵּ,צֵ,1,1,1
לַ,צַּ,צַ,1,1,1
לַ,צֶּ,צֶ,1,1,1
לַ,צִּ,צִ,1,1,1
לַ,צֻּ,צֻ,1,1,1
לַ,צֱּ,צֱ,1,1,1
לַ,צֲּ,צֲ,1,1,1
לַ,צֳּ,צֳ,1,1,1
לַ,קְּ,קְ,1,1,1
לַ,קֹּ,קֹ,1,1,1
לַ,קָּ,קָ,1,1,1
לַ,קֵּ,קֵ,1,1,1
לַ,קַּ,קַ,1,1,1
לַ,קֶּ,קֶ,1,1,1
לַ,קִּ,קִ,1,1,1
לַ,קֻּ,קֻ,1,1,1
לַ,קֱּ,קֱ,1,1,1
לַ,קֲּ,קֲ,1,1,1
לַ,קֳּ,קֳ,1,1,1
לַ,שְּׁ,שְׁ,1,1,1
לַ,שֹּׁ,שֹׁ,1,1,1
לַ,שָּׁ,שָׁ,1,1,1
לַ,שֵּׁ,שֵׁ,1,1,1
לַ,שַּׁ,שַׁ,1,1,1
לַ,שֶּׁ,שֶׁ,1,1,1
לַ,שִּׁ,שִׁ,1,1,1
לַ,שֻּׁ,שֻׁ,1,1,1
לַ,שֱּׁ,שֱׁ,1,1,1
לַ,שֲּׁ,שֲׁ,1,1,1
לַ,שֳּׁ,שֳׁ,1,1,1
לַ,שְּׂ,שְׂ,1,1,1
לַ,שֹּׂ,שֹׂ,1,1,1
לַ,שָּׂ,שָׂ,1,1,1
לַ,שֵּׂ,שֵׂ,1,1,1
לַ,שַּׂ,שַׂ,1,1,1
לַ,שֶּׂ,שֶׂ,1,1,1
לַ,שִּׂ,שִׂ,1,1,1
לַ,שֻּׂ,שֻׂ,1,1,1
לַ,שֱּׂ,שֱׂ,1,1,1
לַ,שֲּׂ,שֲׂ,1,1,1
לַ,שֳּׂ,שֳׂ,1,1,1
בֶּ,הָ,הָ,1,1,1
בֶּ,חָ,חָ,1,1,1
בֶּ,חֳ,חֳ,1,1,1
בֶּ,עָ,עָ,1,1,1
בָּ,אֹ,אֹ,1,1,1
בָּ,אָ,אָ,1,1,1
בָּ,אֵ,אֵ,1,1,1
בָּ,אַ,אַ,1,1,1
בָּ,אֶ,אֶ,1,1,1
בָּ,אִ,אִ,1,1,1
בָּ,אֻ,אֻ,1,1,1
בָּ,אֱ,אֱ,1,1,1
בָּ,אֲ,אֲ,1,1,1
בָּ,אֳ,אֳ,1,1,1
בָּ,עֹ,עֹ,1,1,1
בָּ,עָ,עָ,1,1,1
בָּ,עֵ,עֵ,1,1,1
בָּ,עַ,עַ,1,1,1
בָּ,עֶ,עֶ,1,1,1
בָּ,עִ,עִ,1,1,1
בָּ,עֻ,עֻ,1,1,1
בָּ,עֱ,עֱ,1,1,1
בָּ,עֲ,עֲ,1,1,1
בָּ,עֳ,עֳ,1,1,1
בָּ,רֹ,רֹ,1,1,1
בָּ,רָ,רָ,1,1,1
בָּ,רֵ,רֵ,1,1,1
בָּ,רַ,רַ,1,1,1
בָּ,רֶ,רֶ,1,1,1
בָּ,רִ,רִ,1,1,1
בָּ,רֻ,רֻ,1,1,1
בָּ,רֱ,רֱ,1,1,1
בָּ,רֲ,רֲ,1,1,1
בָּ,רֳ,רֳ,1,1,1
בָּ,רְ,רְ,1,1,1
בַּ,הֹ,הֹ,1,1,1
בַּ,הָ,הָ,1,1,1
בַּ,הֵ,הֵ,1,1,1
בַּ,הַ,הַ,1,1,1
בַּ,הֶ,הֶ,1,1,1
בַּ,הִ,הִ,1,1,1
בַּ,הֻ,הֻ,1,1,1
בַּ,הֱ,הֱ,1,1,1
בַּ,הֲ,הֲ,1,1,1
בַּ,הֳ,הֳ,1,1,1
בַּ,חֹ,חֹ,1,1,1
בַּ,חָ,חָ,1,1,1
בַּ,חֵ,חֵ,1,1,1
בַּ,חַ,חַ,1,1,1
בַּ,חֶ,חֶ,1,1,1
בַּ,חִ,חִ,1,1,1
בַּ,חֻ,חֻ,1,1,1
בַּ,חֱ,חֱ,1,1,1
בַּ,חֲ,חֲ,1,1,1
בַּ,חֳ,חֳ,1,1,1
בַּ,חְ,חְ,1,1,1
בַּ,בְּ,בְ,1,1,1
בַּ,בֹּ,בֹ,1,1,1
בַּ,בָּ,בָ,1,1,1
בַּ,בֵּ,בֵ,1,1,1
בַּ,בַּ,בַ,1,1,1
בַּ,בֶּ,בֶ,1,1,1
בַּ,בִּ,בִ,1,1,1
בַּ,בֻּ,בֻ,1,1,1
בַּ,בֱּ,בֱ,1,1,1
בַּ,בֲּ,בֲ,1,1,1
בַּ,בֳּ,בֳ,1,1,1
בַּ,גְּ,גְ,1,1,1
בַּ,גֹּ,גֹ,1,1,1
בַּ,גָּ,גָ,1,1,1
בַּ,גֵּ,גֵ,1,1,1
בַּ,גַּ,גַ,1,1,1
בַּ,גֶּ,גֶ,1,1,1
בַּ,גִּ,גִ,1,1,1
בַּ,גֻּ,גֻ,1,1,1
בַּ,גֱּ,גֱ,1,1,1
בַּ,גֲּ,גֲ,1,1,1
בַּ,גֳּ,גֳ,1,1,1
בַּ,דְּ,דְ,1,1,1
בַּ,דֹּ,דֹ,1,1,1
בַּ,דָּ,דָ,1,1,1
בַּ,דֵּ,דֵ,1,1,1
בַּ,דַּ,דַ,1,1,1
בַּ,דֶּ,דֶ,1,1,1
בַּ,דִּ,דִ,1,1,1
בַּ,דֻּ,דֻ,1,1,1
בַּ,דֱּ,דֱ,1,1,1
בַּ,דֲּ,דֲ,1,1,1
בַּ,דֳּ,דֳ,1,1,1
בַּ,כְּ,כְ,1,1,1
בַּ,כֹּ,כֹ,1,1,1
בַּ,כָּ,כָ,1,1,1
בַּ,כֵּ,כֵ,1,1,1
בַּ,כַּ,כַ,1,1,1
בַּ,כֶּ,כֶ,1,1,1
בַּ,כִּ,כִ,1,1,1
בַּ,כֻּ,כֻ,1,1,1
בַּ,כֱּ,כֱ,1,1,1
בַּ,כֲּ,כֲ,1,1,1
בַּ,כֳּ,כֳ,1,1,1
בַּ,פְּ,פְ,1,1,1
בַּ,פֹּ,פֹ,1,1,1
בַּ,פָּ,פָ,1,1,1
בַּ,פֵּ,פֵ,1,1,1
בַּ,פַּ,פַ,1,1,1
בַּ,פֶּ,פֶ,1,1,1
בַּ,פִּ,פִ,1,1,1
בַּ,פֻּ,פֻ,1,1,1
בַּ,פֱּ,פֱ,1,1,1
בַּ,פֲּ,פֲ,1,1,1
בַּ,פֳּ,פֳ,1,1,1
בַּ,תְּ,תְ,1,1,1
בַּ,תֹּ,תֹ,1,1,1
בַּ,תָּ,תָ,1,1,1
בַּ,תֵּ,תֵ,1,1,1
בַּ,תַּ,תַ,1,1,1
בַּ,תֶּ,תֶ,1,1,1
בַּ,תִּ,תִ,1,1,1
בַּ,תֻּ,תֻ,1,1,1
בַּ,תֱּ,תֱ,1,1,1
בַּ,תֲּ,תֲ,1,1,1
בַּ,תֳּ,תֳ,1,1,1
בַּ,וְּ,וְ,1,1,1
בַּ,וֹּ,וֹ,1,1,1
בַּ,וָּ,וָ,1,1,1
בַּ,וֵּ,וֵ,1,1,1
בַּ,וַּ,וַ,1,1,1
בַּ,וֶּ,וֶ,1,1,1
בַּ,וִּ,וִ,1,1,1
בַּ,וֻּ,וֻ,1,1,1
בַּ,וֱּ,וֱ,1,1,1
בַּ,וֲּ,וֲ,1,1,1
בַּ,וֳּ,וֳ,1,1,1
בַּ,זְּ,זְ,1,1,1
בַּ,זֹּ,זֹ,1,1,1
בַּ,זָּ,זָ,1,1,1
בַּ,זֵּ,זֵ,1,1,1
בַּ,זַּ,זַ,1,1,1
בַּ,זֶּ,זֶ,1,1,1
בַּ,זִּ,זִ,1,1,1
בַּ,זֻּ,זֻ,1,1,1
בַּ,זֱּ,זֱ,1,1,1
בַּ,זֲּ,זֲ,1,1,1
בַּ,זֳּ,זֳ,1,1,1
בַּ,טְּ,טְ,1,1,1
בַּ,טֹּ,טֹ,1,1,1
בַּ,טָּ,טָ,1,1,1
בַּ,טֵּ,טֵ,1,1,1
בַּ,טַּ,טַ,1,1,1
בַּ,טֶּ,טֶ,1,1,1
בַּ,טִּ,טִ,1,1,1
בַּ,טֻּ,טֻ,1,1,1
בַּ,טֱּ,טֱ,1,1,1
בַּ,טֲּ,טֲ,1,1,1
בַּ,טֳּ,טֳ,1,1,1
בַּ,יְּ,יְ,1,1,1
בַּ,יֹּ,יֹ,1,1,1
בַּ,יָּ,יָ,1,1,1
בַּ,יֵּ,יֵ,1,1,1
בַּ,יַּ,יַ,1,1,1
בַּ,יֶּ,יֶ,1,1,1
בַּ,יִּ,יִ,1,1,1
בַּ,יֻּ,יֻ,1,1,1
בַּ,יֱּ,יֱ,1,1,1
בַּ,יֲּ,יֲ,1,1,1
בַּ,יֳּ,יֳ,1,1,1
בַּ,לְּ,לְ,1,1,1
בַּ,לֹּ,לֹ,1,1,1
בַּ,לָּ,לָ,1,1,1
בַּ,לֵּ,לֵ,1,1,1
בַּ,לַּ,לַ,1,1,1
בַּ,לֶּ,לֶ,1,1,1
בַּ,לִּ,לִ,1,1,1
בַּ,לֻּ,לֻ,1,1,1
בַּ,לֱּ,לֱ,1,1,1
בַּ,לֲּ,לֲ,1,1,1
בַּ,לֳּ,לֳ,1,1,1
בַּ,מְּ,מְ,1,1,1
בַּ,מֹּ,מֹ,1,1,1
בַּ,מָּ,מָ,1,1,1
בַּ,מֵּ,מֵ,1,1,1
בַּ,מַּ,מַ,1,1,1
בַּ,מֶּ,מֶ,1,1,1
בַּ,מִּ,מִ,1,1,1
בַּ,מֻּ,מֻ,1,1,1
בַּ,מֱּ,מֱ,1,1,1
בַּ,מֲּ,מֲ,1,1,1
בַּ,מֳּ,מֳ,1,1,1
בַּ,נְּ,נְ,1,1,1
בַּ,נֹּ,נֹ,1,1,1
בַּ,נָּ,נָ,1,1,1
בַּ,נֵּ,נֵ,1,1,1
בַּ,נַּ,נַ,1,1,1
בַּ,נֶּ,נֶ,1,1,1
בַּ,נִּ,נִ,1,1,1
בַּ,נֻּ,נֻ,1,1,1
בַּ,נֱּ,נֱ,1,1,1
בַּ,נֲּ,נֲ,1,1,1
בַּ,נֳּ,נֳ,1,1,1
בַּ,סְּ,סְ,1,1,1
בַּ,סֹּ,סֹ,1,1,1
בַּ,סָּ,סָ,1,1,1
בַּ,סֵּ,סֵ,1,1,1
בַּ,סַּ,סַ,1,1,1
בַּ,סֶּ,סֶ,1,1,1
בַּ,סִּ,סִ,1,1,1
בַּ,סֻּ,סֻ,1,1,1
בַּ,סֱּ,סֱ,1,1,1
בַּ,סֲּ,סֲ,1,1,1
בַּ,סֳּ,סֳ,1,1,1
בַּ,צְּ,צְ,1,1,1
בַּ,צֹּ,צֹ,1,1,1
בַּ,צָּ,צָ,1,1,1
בַּ,צֵּ,צֵ,1,1,1
בַּ,צַּ,צַ,1,1,1
בַּ,צֶּ,צֶ,1,1,1
בַּ,צִּ,צִ,1,1,1
בַּ,צֻּ,צֻ,1,1,1
בַּ,צֱּ,צֱ,1,1,1
בַּ,צֲּ,צֲ,1,1,1
בַּ,צֳּ,צֳ,1,1,1
בַּ,קְּ,קְ,1,1,1
בַּ,קֹּ,קֹ,1,1,1
בַּ,קָּ,קָ,1,1,1
בַּ,קֵּ,קֵ,1,1,1
בַּ,קַּ,קַ,1,1,1
בַּ,קֶּ,קֶ,1,1,1
בַּ,קִּ,קִ,1,1,1
בַּ,קֻּ,קֻ,1,1,1
בַּ,קֱּ,קֱ,1,1,1
בַּ,קֲּ,קֲ,1,1,1
בַּ,קֳּ,קֳ,1,1,1
בַּ,שְּׁ,שְׁ,1,1,1
בַּ,שֹּׁ,שֹׁ,1,1,1
בַּ,שָּׁ,שָׁ,1,1,1
בַּ,שֵּׁ,שֵׁ,1,1,1
בַּ,שַּׁ,שַׁ,1,1,1
בַּ,שֶּׁ,שֶׁ,1,1,1
בַּ,שִּׁ,שִׁ,1,1,1
בַּ,שֻּׁ,שֻׁ,1,1,1
בַּ,שֱּׁ,שֱׁ,1,1,1
בַּ,שֲּׁ,שֲׁ,1,1,1
בַּ,שֳּׁ,שֳׁ,1,1,1
בַּ,שְּׂ,שְׂ,1,1,1
בַּ,שֹּׂ,שֹׂ,1,1,1
בַּ,שָּׂ,שָׂ,1,1,1
בַּ,שֵּׂ,שֵׂ,1,1,1
בַּ,שַּׂ,שַׂ,1,1,1
בַּ,שֶּׂ,שֶׂ,1,1,1
בַּ,שִּׂ,שִׂ,1,1,1
בַּ,שֻּׂ,שֻׂ,1,1,1
בַּ,שֱּׂ,שֱׂ,1,1,1
בַּ,שֲּׂ,שֲׂ,1,1,1
בַּ,שֳּׂ,שֳׂ,1,1,1
וּ,בֹ,בֹּ,1,1,1
וּ,בָ,בָּ,1,1,1
וּ,בֵ,בֵּ,1,1,1
וּ,בַ,בַּ,1,1,1
וּ,בֶ,בֶּ,1,1,1
וּ,בִ,בִּ,1,1,1
וּ,בֻ,בֻּ,1,1,1
וּ,בֱ,בֱּ,1,1,1
וּ,בֲ,בֲּ,1,1,1
וּ,בֳ,בֳּ,1,1,1
וּ,בְ,בְּ,1,1,1
וּ,וֹ,וֹּ,1,1,1
וּ,וָ,וָּ,1,1,1
וּ,וֵ,וֵּ,1,1,1
וּ,וַ,וַּ,1,1,1
וּ,וֶ,וֶּ,1,1,1
וּ,וִ,וִּ,1,1,1
וּ,וֻ,וֻּ,1,1,1
וּ,וֱ,וֱּ,1,1,1
וּ,וֲ,וֲּ,1,1,1
וּ,וֳ,וֳּ,1,1,1
וּ,וְ,וְּ,1,1,1
וּ,מֹ,מֹּ,1,1,1
וּ,מָ,מָּ,1,1,1
וּ,מֵ,מֵּ,1,1,1
וּ,מַ,מַּ,1,1,1
וּ,מֶ,מֶּ,1,1,1
וּ,מִ,מִּ,1,1,1
וּ,מֻ,מֻּ,1,1,1
וּ,מֱ,מֱּ,1,1,1
וּ,מֲ,מֲּ,1,1,1
וּ,מֳ,מֳּ,1,1,1
וּ,מְ,מְּ,1,1,1
וּ,פֹ,פֹּ,1,1,1
וּ,פָ,פָּ,1,1,1
וּ,פֵ,פֵּ,1,1,1
וּ,פַ,פַּ,1,1,1
וּ,פֶ,פֶּ,1,1,1
וּ,פִ,פִּ,1,1,1
וּ,פֻ,פֻּ,1,1,1
וּ,פֱ,פֱּ,1,1,1
וּ,פֲ,פֲּ,1,1,1
וּ,פֳ,פֳּ,1,1,1
וּ,פְ,פְּ,1,1,1
וּ,גְ,גְּ,1,1,1
וּ,דְ,דְּ,1,1,1
וּ,זְ,זְ,1,1,1
וּ,חְ,חְ,1,1,1
וּ,טְ,טְ,1,1,1
וּ,כְ,כְּ,1,1,1
וּ,לְ,לְ,1,1,1
וּ,נְ,נְ,1,1,1
וּ,סְ,סְ,1,1,1
וּ,צְ,צְ,1,1,1
וּ,קְ,קְ,1,1,1
וּ,רְ,רְ,1,1,1
וּ,שְׁ,שְׁ,1,1,1
וּ,שְׂ,שְׂ,1,1,1
וּ,תְ,תְּ,1,1,1
וַ,אֲ,אֲ,1,1,1
וַ,גֲ,גֲּ,1,1,1
וַ,דֲ,דֲּ,1,1,1
וַ,הֲ,הֲ,1,1,1
וַ,זֲ,זֲ,1,1,1
וַ,חֲ,חֲ,1,1,1
וַ,טֲ,טֲ,1,1,1
וַ,יֲ,יֲ,1,1,1
וַ,כֲ,כֲּ,1,1,1
וַ,לֲ,לֲ,1,1,1
וַ,נֲ,נֲ,1,1,1
וַ,סֲ,סֲ,1,1,1
וַ,עֲ,עֲ,1,1,1
וַ,צֲ,צֲ,1,1,1
וַ,קֲ,קֲ,1,1,1
וַ,רֲ,רֲ,1,1,1
וַ,שֲׁ,שֲׁ,1,1,1
וַ,שֲׂ,שֲׂ,1,1,1
וַ,תֲ,תֲּ,1,1,1
וֶ,אֱ,אֱ,1,1,1
וֶ,גֱ,גֱּ,1,1,1
וֶ,דֱ,דֱּ,1,1,1
וֶ,הֱ,הֱ,1,1,1
וֶ,זֱ,זֱ,1,1,1
וֶ,חֱ,חֱ,1,1,1
וֶ,טֱ,טֱ,1,1,1
וֶ,יֱ,יֱ,1,1,1
וֶ,כֱ,כֱּ,1,1,1
וֶ,לֱ,לֱ,1,1,1
וֶ,נֱ,נֱ,1,1,1
וֶ,סֱ,סֱ,1,1,1
וֶ,עֱ,עֱ,1,1,1
וֶ,צֱ,צֱ,1,1,1
וֶ,קֱ,קֱ,1,1,1
וֶ,רֱ,רֱ,1,1,1
וֶ,שֱׁ,שֱׁ,1,1,1
וֶ,שֱׂ,שֱׂ,1,1,1
וֶ,תֱ,תֱּ,1,1,1
וְ,אָ,אָ,1,1,1
וְ,אֵ,אֵ,1,1,1
וְ,אַ,אַ,1,1,1
וְ,אֶ,אֶ,1,1,1
וְ,אִ,אִ,1,1,1
וְ,אֻ,אֻ,1,1,1
וְ,אֳ,אֳ,1,1,1
וְ,אֹ,אֹ,1,1,1
וְ,גָ,גָּ,1,1,1
וְ,גֵ,גֵּ,1,1,1
וְ,גַ,גַּ,1,1,1
וְ,גֶ,גֶּ,1,1,1
וְ,גִ,גִּ,1,1,1
וְ,גֻ,גֻּ,1,1,1
וְ,גֳ,גֳּ,1,1,1
וְ,גֹ,גֹּ,1,1,1
וְ,דָ,דָּ,1,1,1
וְ,דֵ,דֵּ,1,1,1
וְ,דַ,דַּ,1,1,1
וְ,דֶ,דֶּ,1,1,1
וְ,דִ,דִּ,1,1,1
וְ,דֻ,דֻּ,1,1,1
וְ,דֳ,דֳּ,1,1,1
וְ,דֹ,דֹּ,1,1,1
וְ,הָ,הָ,1,1,1
וְ,הֵ,הֵ,1,1,1
וְ,הַ,הַ,1,1,1
וְ,הֶ,הֶ,1,1,1
וְ,הִ,הִ,1,1,1
וְ,הֻ,הֻ,1,1,1
וְ,הֳ,הֳ,1,1,1
וְ,הֹ,הֹ,1,1,1
וְ,זָ,זָ,1,1,1
וְ,זֵ,זֵ,1,1,1
וְ,זַ,זַ,1,1,1
וְ,זֶ,זֶ,1,1,1
וְ,זִ,זִ,1,1,1
וְ,זֻ,זֻ,1,1,1
וְ,זֳ,זֳ,1,1,1
וְ,זֹ,זֹ,1,1,1
וְ,חָ,חָ,1,1,1
וְ,חֵ,חֵ,1,1,1
וְ,חַ,חַ,1,1,1
וְ,חֶ,חֶ,1,1,1
וְ,חִ,חִ,1,1,1
וְ,חֻ,חֻ,1,1,1
וְ,חֳ,חֳ,1,1,1
וְ,חֹ,חֹ,1,1,1
וְ,טָ,טָ,1,1,1
וְ,טֵ,טֵ,1,1,1
וְ,טַ,טַ,1,1,1
וְ,טֶ,טֶ,1,1,1
וְ,טִ,טִ,1,1,1
וְ,טֻ,טֻ,1,1,1
וְ,טֳ,טֳ,1,1,1
וְ,טֹ,טֹ,1,1,1
וְ,יָ,יָ,1,1,1
וְ,יֵ,יֵ,1,1,1
וְ,יַ,יַ,1,1,1
וְ,יֶ,יֶ,1,1,1
וְ,יִ,יִ,1,1,1
וְ,יֻ,יֻ,1,1,1
וְ,יֳ,יֳ,1,1,1
וְ,יֹ,יֹ,1,1,1
וְ,כָ,כָּ,1,1,1
וְ,כֵ,כֵּ,1,1,1
וְ,כַ,כַּ,1,1,1
וְ,כֶ,כֶּ,1,1,1
וְ,כִ,כִּ,1,1,1
וְ,כֻ,כֻּ,1,1,1
וְ,כֳ,כֳּ,1,1,1
וְ,כֹ,כֹּ,1,1,1
וְ,לָ,לָ,1,1,1
וְ,לֵ,לֵ,1,1,1
וְ,לַ,לַ,1,1,1
וְ,לֶ,לֶ,1,1,1
וְ,לִ,לִ,1,1,1
וְ,לֻ,לֻ,1,1,1
וְ,לֳ,לֳ,1,1,1
וְ,לֹ,לֹ,1,1,1
וְ,נָ,נָ,1,1,1
וְ,נֵ,נֵ,1,1,1
וְ,נַ,נַ,1,1,1
וְ,נֶ,נֶ,1,1,1
וְ,נִ,נִ,1,1,1
וְ,נֻ,נֻ,1,1,1
וְ,נֳ,נֳ,1,1,1
וְ,נֹ,נֹ,1,1,1
וְ,סָ,סָ,1,1,1
וְ,סֵ,סֵ,1,1,1
וְ,סַ,סַ,1,1,1
וְ,סֶ,סֶ,1,1,1
וְ,סִ,סִ,1,1,1
וְ,סֻ,סֻ,1,1,1
וְ,סֳ,סֳ,1,1,1
וְ,סֹ,סֹ,1,1,1
וְ,עָ,עָ,1,1,1
וְ,עֵ,עֵ,1,1,1
וְ,עַ,עַ,1,1,1
וְ,עֶ,עֶ,1,1,1
וְ,עִ,עִ,1,1,1
וְ,עֻ,עֻ,1,1,1
וְ,עֳ,עֳ,1,1,1
וְ,עֹ,עֹ,1,1,1
וְ,צָ,צָ,1,1,1
וְ,צֵ,צֵ,1,1,1
וְ,צַ,צַ,1,1,1
וְ,צֶ,צֶ,1,1,1
וְ,צִ,צִ,1,1,1
וְ,צֻ,צֻ,1,1,1
וְ,צֳ,צֳ,1,1,1
וְ,צֹ,צֹ,1,1,1
וְ,קָ,קָ,1,1,1
וְ,קֵ,קֵ,1,1,1
וְ,קַ,קַ,1,1,1
וְ,קֶ,קֶ,1,1,1
וְ,קִ,קִ,1,1,1
וְ,קֻ,קֻ,1,1,1
וְ,קֳ,קֳ,1,1,1
וְ,קֹ,קֹ,1,1,1
וְ,רָ,רָ,1,1,1
וְ,רֵ,רֵ,1,1,1
וְ,רַ,רַ,1,1,1
וְ,רֶ,רֶ,1,1,1
וְ,רִ,רִ,1,1,1
וְ,רֻ,רֻ,1,1,1
וְ,רֳ,רֳ,1,1,1
וְ,רֹ,רֹ,1,1,1
וְ,שָׁ,שָׁ,1,1,1
וְ,שֵׁ,שֵׁ,1,1,1
וְ,שַׁ,שַׁ,1,1,1
וְ,שֶׁ,שֶׁ,1,1,1
וְ,שִׁ,שִׁ,1,1,1
וְ,שֻׁ,שֻׁ,1,1,1
וְ,שֳׁ,שֳׁ,1,1,1
וְ,שֹׁ,שֹׁ,1,1,1
וְ,שָׂ,שָׂ,1,1,1
וְ,שֵׂ,שֵׂ,1,1,1
וְ,שַׂ,שַׂ,1,1,1
וְ,שֶׂ,שֶׂ,1,1,1
וְ,שִׂ,שִׂ,1,1,1
וְ,שֻׂ,שֻׂ,1,1,1
וְ,שֳׂ,שֳׂ,1,1,1
וְ,שֹׂ,שֹׂ,1,1,1
וְ,תָ,תָּ,1,1,1
וְ,תֵ,תֵּ,1,1,1
וְ,תַ,תַּ,1,1,1
וְ,תֶ,תֶּ,1,1,1
וְ,תִ,תִּ,1,1,1
וְ,תֻ,תֻּ,1,1,1
וְ,תֳ,תֳּ,1,1,1
וְ,תֹ,תֹּ,1,1,1
וָ,גָ,גָּ,1,1,1
וָ,גֵ,גֵּ,1,1,1
וָ,גַ,גַּ,1,1,1
וָ,גֶ,גֶּ,1,1,1
וָ,גִ,גִּ,1,1,1
וָ,גֻ,גֻּ,1,1,1
וָ,גֳ,גֳּ,1,1,1
וָ,גֹ,גֹּ,1,1,1
וָ,דָ,דָּ,1,1,1
וָ,דֵ,דֵּ,1,1,1
וָ,דַ,דַּ,1,1,1
וָ,דֶ,דֶּ,1,1,1
וָ,דִ,דִּ,1,1,1
וָ,דֻ,דֻּ,1,1,1
וָ,דֳ,דֳּ,1,1,1
וָ,דֹ,דֹּ,1,1,1
וָ,הָ,הָ,1,1,1
וָ,הֵ,הֵ,1,1,1
וָ,הַ,הַ,1,1,1
וָ,הֶ,הֶ,1,1,1
וָ,הִ,הִ,1,1,1
וָ,הֻ,הֻ,1,1,1
וָ,הֳ,הֳ,1,1,1
וָ,הֹ,הֹ,1,1,1
וָ,זָ,זָ,1,1,1
וָ,זֵ,זֵ,1,1,1
וָ,זַ,זַ,1,1,1
וָ,זֶ,זֶ,1,1,1
וָ,זִ,זִ,1,1,1
וָ,זֻ,זֻ,1,1,1
וָ,זֳ,זֳ,1,1,1
וָ,זֹ,זֹ,1,1,1
וָ,חָ,חָ,1,1,1
וָ,חֵ,חֵ,1,1,1
וָ,חַ,חַ,1,1,1
וָ,חֶ,חֶ,1,1,1
וָ,חִ,חִ,1,1,1
וָ,חֻ,חֻ,1,1,1
וָ,חֳ,חֳ,1,1,1
וָ,חֹ,חֹ,1,1,1
וָ,טָ,טָ,1,1,1
וָ,טֵ,טֵ,1,1,1
וָ,טַ,טַ,1,1,1
וָ,טֶ,טֶ,1,1,1
וָ,טִ,טִ,1,1,1
וָ,טֻ,טֻ,1,1,1
וָ,טֳ,טֳ,1,1,1
וָ,טֹ,טֹ,1,1,1
וָ,יָ,יָ,1,1,1
וָ,יֵ,יֵ,1,1,1
וָ,יַ,יַ,1,1,1
וָ,יֶ,יֶ,1,1,1
וָ,יִ,יִ,1,1,1
וָ,יֻ,יֻ,1,1,1
וָ,יֳ,יֳ,1,1,1
וָ,יֹ,יֹ,1,1,1
וָ,כָ,כָּ,1,1,1
וָ,כֵ,כֵּ,1,1,1
וָ,כַ,כַּ,1,1,1
וָ,כֶ,כֶּ,1,1,1
וָ,כִ,כִּ,1,1,1
וָ,כֻ,כֻּ,1,1,1
וָ,כֳ,כֳּ,1,1,1
וָ,כֹ,כֹּ,1,1,1
וָ,לָ,לָ,1,1,1
וָ,לֵ,לֵ,1,1,1
וָ,לַ,לַ,1,1,1
וָ,לֶ,לֶ,1,1,1
וָ,לִ,לִ,1,1,1
וָ,לֻ,לֻ,1,1,1
וָ,לֳ,לֳ,1,1,1
וָ,לֹ,לֹ,1,1,1
וָ,נָ,נָ,1,1,1
וָ,נֵ,נֵ,1,1,1
וָ,נַ,נַ,1,1,1
וָ,נֶ,נֶ,1,1,1
וָ,נִ,נִ,1,1,1
וָ,נֻ,נֻ,1,1,1
וָ,נֳ,נֳ,1,1,1
וָ,נֹ,נֹ,1,1,1
וָ,סָ,סָ,1,1,1
וָ,סֵ,סֵ,1,1,1
וָ,סַ,סַ,1,1,1
וָ,סֶ,סֶ,1,1,1
וָ,סִ,סִ,1,1,1
וָ,סֻ,סֻ,1,1,1
וָ,סֳ,סֳ,1,1,1
וָ,סֹ,סֹ,1,1,1
וָ,עָ,עָ,1,1,1
וָ,עֵ,עֵ,1,1,1
וָ,עַ,עַ,1,1,1
וָ,עֶ,עֶ,1,1,1
וָ,עִ,עִ,1,1,1
וָ,עֻ,עֻ,1,1,1
וָ,עֳ,עֳ,1,1,1
וָ,עֹ,עֹ,1,1,1
וָ,צָ,צָ,1,1,1
וָ,צֵ,צֵ,1,1,1
וָ,צַ,צַ,1,1,1
וָ,צֶ,צֶ,1,1,1
וָ,צִ,צִ,1,1,1
וָ,צֻ,צֻ,1,1,1
וָ,צֳ,צֳ,1,1,1
וָ,צֹ,צֹ,1,1,1
וָ,קָ,קָ,1,1,1
וָ,קֵ,קֵ,1,1,1
וָ,קַ,קַ,1,1,1
וָ,קֶ,קֶ,1,1,1
וָ,קִ,קִ,1,1,1
וָ,קֻ,קֻ,1,1,1
וָ,קֳ,קֳ,1,1,1
וָ,קֹ,קֹ,1,1,1
וָ,רָ,רָ,1,1,1
וָ,רֵ,רֵ,1,1,1
וָ,רַ,רַ,1,1,1
וָ,רֶ,רֶ,1,1,1
וָ,רִ,רִ,1,1,1
וָ,רֻ,רֻ,1,1,1
וָ,רֳ,רֳ,1,1,1
וָ,רֹ,רֹ,1,1,1
וָ,שָׁ,שָׁ,1,1,1
וָ,שֵׁ,שֵׁ,1,1,1
וָ,שַׁ,שַׁ,1,1,1
וָ,שֶׁ,שֶׁ,1,1,1
וָ,שִׁ,שִׁ,1,1,1
וָ,שֻׁ,שֻׁ,1,1,1
וָ,שֳׁ,שֳׁ,1,1,1
וָ,שֹׁ,שֹׁ,1,1,1
וָ,שָׂ,שָׂ,1,1,1
וָ,שֵׂ,שֵׂ,1,1,1
וָ,שַׂ,שַׂ,1,1,1
וָ,שֶׂ,שֶׂ,1,1,1
וָ,שִׂ,שִׂ,1,1,1
וָ,שֻׂ,שֻׂ,1,1,1
וָ,שֳׂ,שֳׂ,1,1,1
וָ,שֹׂ,שֹׂ,1,1,1
וָ,תָ,תָּ,1,1,1
וָ,תֵ,תֵּ,1,1,1
וָ,תַ,תַּ,1,1,1
וָ,תֶ,תֶּ,1,1,1
וָ,תִ,תִּ,1,1,1
וָ,תֻ,תֻּ,1,1,1
וָ,תֳ,תֳּ,1,1,1
וָ,תֹ,תֹּ,1,1,1
וִ,י,יְ,1,1,1
קָ,בֹ,בֹּ,1,0,1
קָ,בָ,בָּ,1,0,1
קָ,בֵ,בֵּ,1,0,1
קָ,בַ,בַּ,1,0,1
קָ,בֶ,בֶּ,1,0,1
קָ,בִ,בִּ,1,0,1
קָ,בֻ,בֻּ,1,0,1
קָ,בֱ,בֱּ,1,0,1
קָ,בֲ,בֲּ,1,0,1
קָ,בֳ,בֳּ,1,0,1
קָ,בְ,בְּ,1,0,1
קָ,גֹ,גֹּ,1,0,1
קָ,גָ,גָּ,1,0,1
קָ,גֵ,גֵּ,1,0,1
קָ,גַ,גַּ,1,0,1
קָ,גֶ,גֶּ,1,0,1
קָ,גִ,גִּ,1,0,1
קָ,גֻ,גֻּ,1,0,1
קָ,גֱ,גֱּ,1,0,1
קָ,גֲ,גֲּ,1,0,1
קָ,גֳ,גֳּ,1,0,1
קָ,גְ,גְּ,1,0,1
קָ,דֹ,דֹּ,1,0,1
קָ,דָ,דָּ,1,0,1
קָ,דֵ,דֵּ,1,0,1
קָ,דַ,דַּ,1,0,1
קָ,דֶ,דֶּ,1,0,1
קָ,דִ,דִּ,1,0,1
קָ,דֻ,דֻּ,1,0,1
קָ,דֱ,דֱּ,1,0,1
קָ,דֲ,דֲּ,1,0,1
קָ,דֳ,דֳּ,1,0,1
קָ,דְ,דְּ,1,0,1
קָ,כֹ,כֹּ,1,0,1
קָ,כָ,כָּ,1,0,1
קָ,כֵ,כֵּ,1,0,1
קָ,כַ,כַּ,1,0,1
קָ,כֶ,כֶּ,1,0,1
קָ,כִ,כִּ,1,0,1
קָ,כֻ,כֻּ,1,0,1
קָ,כֱ,כֱּ,1,0,1
קָ,כֲ,כֲּ,1,0,1
קָ,כֳ,כֳּ,1,0,1
קָ,כְ,כְּ,1,0,1
קָ,פֹ,פֹּ,1,0,1
קָ,פָ,פָּ,1,0,1
קָ,פֵ,פֵּ,1,0,1
קָ,פַ,פַּ,1,0,1
קָ,פֶ,פֶּ,1,0,1
קָ,פִ,פִּ,1,0,1
קָ,פֻ,פֻּ,1,0,1
קָ,פֱ,פֱּ,1,0,1
קָ,פֲ,פֲּ,1,0,1
קָ,פֳ,פֳּ,1,0,1
קָ,פְ,פְּ,1,0,1
קָ,תֹ,תֹּ,1,0,1
קָ,תָ,תָּ,1,0,1
קָ,תֵ,תֵּ,1,0,1
קָ,תַ,תַּ,1,0,1
קָ,תֶ,תֶּ,1,0,1
קָ,תִ,תִּ,1,0,1
קָ,תֻ,תֻּ,1,0,1
קָ,תֱ,תֱּ,1,0,1
קָ,תֲ,תֲּ,1,0,1
קָ,תֳ,תֳּ,1,0,1
קָ,תְ,תְּ,1,0,1
קָ,אֹ,אֹ,1,0,1
קָ,אָ,אָ,1,0,1
קָ,אֵ,אֵ,1,0,1
קָ,אַ,אַ,1,0,1
קָ,אֶ,אֶ,1,0,1
קָ,אִ,אִ,1,0,1
קָ,אֻ,אֻ,1,0,1
קָ,אֱ,אֱ,1,0,1
קָ,אֲ,אֲ,1,0,1
קָ,אֳ,אֳ,1,0,1
קָ,הֹ,הֹ,1,0,1
קָ,הָ,הָ,1,0,1
קָ,הֵ,הֵ,1,0,1
קָ,הַ,הַ,1,0,1
קָ,הֶ,הֶ,1,0,1
קָ,הִ,הִ,1,0,1
קָ,הֻ,הֻ,1,0,1
קָ,הֱ,הֱ,1,0,1
קָ,הֲ,הֲ,1,0,1
קָ,הֳ,הֳ,1,0,1
קָ,חֹ,חֹ,1,0,1
קָ,חָ,חָ,1,0,1
קָ,חֵ,חֵ,1,0,1
קָ,חַ,חַ,1,0,1
קָ,חֶ,חֶ,1,0,1
קָ,חִ,חִ,1,0,1
קָ,חֻ,חֻ,1,0,1
קָ,חֱ,חֱ,1,0,1
קָ,חֲ,חֲ,1,0,1
קָ,חֳ,חֳ,1,0,1
קָ,חְ,חְ,1,0,1
קָ,עֹ,עֹ,1,0,1
קָ,עָ,עָ,1,0,1
קָ,עֵ,עֵ,1,0,1
קָ,עַ,עַ,1,0,1
קָ,עֶ,עֶ,1,0,1
קָ,עִ,עִ,1,0,1
קָ,עֻ,עֻ,1,0,1
קָ,עֱ,עֱ,1,0,1
קָ,עֲ,עֲ,1,0,1
קָ,עֳ,עֳ,1,0,1
קָ,רֹ,רֹ,1,0,1
קָ,רָ,רָ,1,0,1
קָ,רֵ,רֵ,1,0,1
קָ,רַ,רַ,1,0,1
קָ,רֶ,רֶ,1,0,1
קָ,רִ,רִ,1,0,1
קָ,רֻ,רֻ,1,0,1
קָ,רֱ,רֱ,1,0,1
קָ,רֲ,רֲ,1,0,1
קָ,רֳ,רֳ,1,0,1
קָ,רְ,רְ,1,0,1
קָ,וֹ,וֹ,1,0,1
קָ,וָ,וָ,1,0,1
קָ,וֵ,וֵ,1,0,1
קָ,וַ,וַ,1,0,1
קָ,וֶ,וֶ,1,0,1
קָ,וִ,וִ,1,0,1
קָ,וֻ,וֻ,1,0,1
קָ,וֱ,וֱ,1,0,1
קָ,וֲ,וֲ,1,0,1
קָ,וֳ,וֳ,1,0,1
קָ,וְ,וְ,1,0,1
קָ,זֹ,זֹ,1,0,1
קָ,זָ,זָ,1,0,1
קָ,זֵ,זֵ,1,0,1
קָ,זַ,זַ,1,0,1
קָ,זֶ,זֶ,1,0,1
קָ,זִ,זִ,1,0,1
קָ,זֻ,זֻ,1,0,1
קָ,זֱ,זֱ,1,0,1
קָ,זֲ,זֲ,1,0,1
קָ,זֳ,זֳ,1,0,1
קָ,זְ,זְ,1,0,1
קָ,טֹ,טֹ,1,0,1
קָ,טָ,טָ,1,0,1
קָ,טֵ,טֵ,1,0,1
קָ,טַ,טַ,1,0,1
קָ,טֶ,טֶ,1,0,1
קָ,טִ,טִ,1,0,1
קָ,טֻ,טֻ,1,0,1
קָ,טֱ,טֱ,1,0,1
קָ,טֲ,טֲ,1,0,1
קָ,טֳ,טֳ,1,0,1
קָ,טְ,טְ,1,0,1
קָ,יֹ,יֹ,1,0,1
קָ,יָ,יָ,1,0,1
קָ,יֵ,יֵ,1,0,1
קָ,יַ,יַ,1,0,1
קָ,יֶ,יֶ,1,0,1
קָ,יִ,יִ,1,0,1
קָ,יֻ,יֻ,1,0,1
קָ,יֱ,יֱ,1,0,1
קָ,יֲ,יֲ,1,0,1
קָ,יֳ,יֳ,1,0,1
קָ,יְ,יְ,1,0,1
קָ,לֹ,לֹ,1,0,1
קָ,לָ,לָ,1,0,1
קָ,לֵ,לֵ,1,0,1
קָ,לַ,לַ,1,0,1
קָ,לֶ,לֶ,1,0,1
קָ,לִ,לִ,1,0,1
קָ,לֻ,לֻ,1,0,1
קָ,לֱ,לֱ,1,0,1
קָ,לֲ,לֲ,1,0,1
קָ,לֳ,לֳ,1,0,1
קָ,לְ,לְ,1,0,1
קָ,מֹ,מֹ,1,0,1
קָ,מָ,מָ,1,0,1
קָ,מֵ,מֵ,1,0,1
קָ,מַ,מַ,1,0,1
קָ,מֶ,מֶ,1,0,1
קָ,מִ,מִ,1,0,1
קָ,מֻ,מֻ,1,0,1
קָ,מֱ,מֱ,1,0,1
קָ,מֲ,מֲ,1,0,1
קָ,מֳ,מֳ,1,0,1
קָ,מְ,מְ,1,0,1
קָ,נֹ,נֹ,1,0,1
קָ,נָ,נָ,1,0,1
קָ,נֵ,נֵ,1,0,1
קָ,נַ,נַ,1,0,1
קָ,נֶ,נֶ,1,0,1
קָ,נִ,נִ,1,0,1
קָ,נֻ,נֻ,1,0,1
קָ,נֱ,נֱ,1,0,1
קָ,נֲ,נֲ,1,0,1
קָ,נֳ,נֳ,1,0,1
קָ,נְ,נְ,1,0,1
קָ,סֹ,סֹ,1,0,1
קָ,סָ,סָ,1,0,1
קָ,סֵ,סֵ,1,0,1
קָ,סַ,סַ,1,0,1
קָ,סֶ,סֶ,1,0,1
קָ,סִ,סִ,1,0,1
קָ,סֻ,סֻ,1,0,1
קָ,סֱ,סֱ,1,0,1
קָ,סֲ,סֲ,1,0,1
קָ,סֳ,סֳ,1,0,1
קָ,סְ,סְ,1,0,1
קָ,צֹ,צֹ,1,0,1
קָ,צָ,צָ,1,0,1
קָ,צֵ,צֵ,1,0,1
קָ,צַ,צַ,1,0,1
קָ,צֶ,צֶ,1,0,1
קָ,צִ,צִ,1,0,1
קָ,צֻ,צֻ,1,0,1
קָ,צֱ,צֱ,1,0,1
קָ,צֲ,צֲ,1,0,1
קָ,צֳ,צֳ,1,0,1
קָ,צְ,צְ,1,0,1
קָ,קֹ,קֹ,1,0,1
קָ,קָ,קָ,1,0,1
קָ,קֵ,קֵ,1,0,1
קָ,קַ,קַ,1,0,1
קָ,קֶ,קֶ,1,0,1
קָ,קִ,קִ,1,0,1
קָ,קֻ,קֻ,1,0,1
קָ,קֱ,קֱ,1,0,1
קָ,קֲ,קֲ,1,0,1
קָ,קֳ,קֳ,1,0,1
קָ,קְ,קְ,1,0,1
קָ,שֹׁ,שֹׁ,1,0,1
קָ,שָׁ,שָׁ,1,0,1
קָ,שֵׁ,שֵׁ,1,0,1
קָ,שַׁ,שַׁ,1,0,1
קָ,שֶׁ,שֶׁ,1,0,1
קָ,שִׁ,שִׁ,1,0,1
קָ,שֻׁ,שֻׁ,1,0,1
קָ,שֱׁ,שֱׁ,1,0,1
קָ,שֲׁ,שֲׁ,1,0,1
קָ,שֳׁ,שֳׁ,1,0,1
קָ,שְׁ,שְׁ,1,0,1
קָ,שֹׂ,שֹׂ,1,0,1
קָ,שָׂ,שָׂ,1,0,1
קָ,שֵׂ,שֵׂ,1,0,1
קָ,שַׂ,שַׂ,1,0,1
קָ,שֶׂ,שֶׂ,1,0,1
קָ,שִׂ,שִׂ,1,0,1
קָ,שֻׂ,שֻׂ,1,0,1
קָ,שֱׂ,שֱׂ,1,0,1
קָ,שֲׂ,שֲׂ,1,0,1
קָ,שֳׂ,שֳׂ,1,0,1
קָ,שְׂ,שְׂ,1,0,1
אַ,אֹ,אֹ,1,0,1
אַ,אָ,אָ,1,0,1
אַ,אֵ,אֵ,1,0,1
אַ,אַ,אַ,1,0,1
אַ,אֶ,אֶ,1,0,1
אַ,אִ,אִ,1,0,1
אַ,אֻ,אֻ,1,0,1
אַ,אֱ,אֱ,1,0,1
אַ,אֲ,אֲ,1,0,1
אַ,אֳ,אֳ,1,0,1
אַ,הֹ,הֹ,1,0,1
אַ,הָ,הָ,1,0,1
אַ,הֵ,הֵ,1,0,1
אַ,הַ,הַ,1,0,1
אַ,הֶ,הֶ,1,0,1
אַ,הִ,הִ,1,0,1
אַ,הֻ,הֻ,1,0,1
אַ,הֱ,הֱ,1,0,1
אַ,הֲ,הֲ,1,0,1
אַ,הֳ,הֳ,1,0,1
אַ,חֹ,חֹ,1,0,1
אַ,חָ,חָ,1,0,1
אַ,חֵ,חֵ,1,0,1
אַ,חַ,חַ,1,0,1
אַ,חֶ,חֶ,1,0,1
אַ,חִ,חִ,1,0,1
אַ,חֻ,חֻ,1,0,1
אַ,חֱ,חֱ,1,0,1
אַ,חֲ,חֲ,1,0,1
אַ,חֳ,חֳ,1,0,1
אַ,חְ,חְ,1,0,1
אַ,עֹ,עֹ,1,0,1
אַ,עָ,עָ,1,0,1
אַ,עֵ,עֵ,1,0,1
אַ,עַ,עַ,1,0,1
אַ,עֶ,עֶ,1,0,1
אַ,עִ,עִ,1,0,1
אַ,עֻ,עֻ,1,0,1
אַ,עֱ,עֱ,1,0,1
אַ,עֲ,עֲ,1,0,1
אַ,עֳ,עֳ,1,0,1
אַ,רֹ,רֹ,1,0,1
אַ,רָ,רָ,1,0,1
אַ,רֵ,רֵ,1,0,1
אַ,רַ,רַ,1,0,1
אַ,רֶ,רֶ,1,0,1
אַ,רִ,רִ,1,0,1
אַ,רֻ,רֻ,1,0,1
אַ,רֱ,רֱ,1,0,1
אַ,רֲ,רֲ,1,0,1
אַ,רֳ,רֳ,1,0,1
אַ,רְ,רְ,1,0,1
אַ,בֹּ,בֹּ,1,0,1
אַ,בָּ,בָּ,1,0,1
אַ,בֵּ,בֵּ,1,0,1
אַ,בַּ,בַּ,1,0,1
אַ,בֶּ,בֶּ,1,0,1
אַ,בִּ,בִּ,1,0,1
אַ,בֻּ,בֻּ,1,0,1
אַ,בֱּ,בֱּ,1,0,1
אַ,בֲּ,בֲּ,1,0,1
אַ,בֳּ,בֳּ,1,0,1
אַ,בְּ,בְּ,1,0,1
אַ,גֹּ,גֹּ,1,0,1
אַ,גָּ,גָּ,1,0,1
אַ,גֵּ,גֵּ,1,0,1
אַ,גַּ,גַּ,1,0,1
אַ,גֶּ,גֶּ,1,0,1
אַ,גִּ,גִּ,1,0,1
אַ,גֻּ,גֻּ,1,0,1
אַ,גֱּ,גֱּ,1,0,1
אַ,גֲּ,גֲּ,1,0,1
אַ,גֳּ,גֳּ,1,0,1
אַ,גְּ,גְּ,1,0,1
אַ,דֹּ,דֹּ,1,0,1
אַ,דָּ,דָּ,1,0,1
אַ,דֵּ,דֵּ,1,0,1
אַ,דַּ,דַּ,1,0,1
אַ,דֶּ,דֶּ,1,0,1
אַ,דִּ,דִּ,1,0,1
אַ,דֻּ,דֻּ,1,0,1
אַ,דֱּ,דֱּ,1,0,1
אַ,דֲּ,דֲּ,1,0,1
אַ,דֳּ,דֳּ,1,0,1
אַ,דְּ,דְּ,1,0,1
אַ,כֹּ,כֹּ,1,0,1
אַ,כָּ,כָּ,1,0,1
אַ,כֵּ,כֵּ,1,0,1
אַ,כַּ,כַּ,1,0,1
אַ,כֶּ,כֶּ,1,0,1
אַ,כִּ,כִּ,1,0,1
אַ,כֻּ,כֻּ,1,0,1
אַ,כֱּ,כֱּ,1,0,1
אַ,כֲּ,כֲּ,1,0,1
אַ,כֳּ,כֳּ,1,0,1
אַ,כְּ,כְּ,1,0,1
אַ,פֹּ,פֹּ,1,0,1
אַ,פָּ,פָּ,1,0,1
אַ,פֵּ,פֵּ,1,0,1
אַ,פַּ,פַּ,1,0,1
אַ,פֶּ,פֶּ,1,0,1
אַ,פִּ,פִּ,1,0,1
אַ,פֻּ,פֻּ,1,0,1
אַ,פֱּ,פֱּ,1,0,1
אַ,פֲּ,פֲּ,1,0,1
אַ,פֳּ,פֳּ,1,0,1
אַ,פְּ,פְּ,1,0,1
אַ,תֹּ,תֹּ,1,0,1
אַ,תָּ,תָּ,1,0,1
אַ,תֵּ,תֵּ,1,0,1
אַ,תַּ,תַּ,1,0,1
אַ,תֶּ,תֶּ,1,0,1
אַ,תִּ,תִּ,1,0,1
אַ,תֻּ,תֻּ,1,0,1
אַ,תֱּ,תֱּ,1,0,1
אַ,תֲּ,תֲּ,1,0,1
אַ,תֳּ,תֳּ,1,0,1
אַ,תְּ,תְּ,1,0,1
אַ,וֹּ,וֹ,1,0,1
אַ,וָּ,וָ,1,0,1
אַ,וֵּ,וֵ,1,0,1
אַ,וַּ,וַ,1,0,1
אַ,וֶּ,וֶ,1,0,1
אַ,וִּ,וִ,1,0,1
אַ,וֻּ,וֻ,1,0,1
אַ,וֱּ,וֱ,1,0,1
אַ,וֲּ,וֲ,1,0,1
אַ,וֳּ,וֳ,1,0,1
אַ,וְּ,וְ,1,0,1
אַ,זֹּ,זֹ,1,0,1
אַ,זָּ,זָ,1,0,1
אַ,זֵּ,זֵ,1,0,1
אַ,זַּ,זַ,1,0,1
אַ,זֶּ,זֶ,1,0,1
אַ,זִּ,זִ,1,0,1
אַ,זֻּ,זֻ,1,0,1
אַ,זֱּ,זֱ,1,0,1
אַ,זֲּ,זֲ,1,0,1
אַ,זֳּ,זֳ,1,0,1
אַ,זְּ,זְ,1,0,1
אַ,טֹּ,טֹ,1,0,1
אַ,טָּ,טָ,1,0,1
אַ,טֵּ,טֵ,1,0,1
אַ,טַּ,טַ,1,0,1
אַ,טֶּ,טֶ,1,0,1
אַ,טִּ,טִ,1,0,1
אַ,טֻּ,טֻ,1,0,1
אַ,טֱּ,טֱ,1,0,1
אַ,טֲּ,טֲ,1,0,1
אַ,טֳּ,טֳ,1,0,1
אַ,טְּ,טְ,1,0,1
אַ,יֹּ,יֹ,1,0,1
אַ,יָּ,יָ,1,0,1
אַ,יֵּ,יֵ,1,0,1
אַ,יַּ,יַ,1,0,1
אַ,יֶּ,יֶ,1,0,1
אַ,יִּ,יִ,1,0,1
אַ,יֻּ,יֻ,1,0,1
אַ,יֱּ,יֱ,1,0,1
אַ,יֲּ,יֲ,1,0,1
אַ,יֳּ,יֳ,1,0,1
אַ,יְּ,יְ,1,0,1
אַ,לֹּ,לֹ,1,0,1
אַ,לָּ,לָ,1,0,1
אַ,לֵּ,לֵ,1,0,1
אַ,לַּ,לַ,1,0,1
אַ,לֶּ,לֶ,1,0,1
אַ,לִּ,לִ,1,0,1
אַ,לֻּ,לֻ,1,0,1
אַ,לֱּ,לֱ,1,0,1
אַ,לֲּ,לֲ,1,0,1
אַ,לֳּ,לֳ,1,0,1
אַ,לְּ,לְ,1,0,1
אַ,מֹּ,מֹ,1,0,1
אַ,מָּ,מָ,1,0,1
אַ,מֵּ,מֵ,1,0,1
אַ,מַּ,מַ,1,0,1
אַ,מֶּ,מֶ,1,0,1
אַ,מִּ,מִ,1,0,1
אַ,מֻּ,מֻ,1,0,1
אַ,מֱּ,מֱ,1,0,1
אַ,מֲּ,מֲ,1,0,1
אַ,מֳּ,מֳ,1,0,1
אַ,מְּ,מְ,1,0,1
אַ,נֹּ,נֹ,1,0,1
אַ,נָּ,נָ,1,0,1
אַ,נֵּ,נֵ,1,0,1
אַ,נַּ,נַ,1,0,1
אַ,נֶּ,נֶ,1,0,1
אַ,נִּ,נִ,1,0,1
אַ,נֻּ,נֻ,1,0,1
אַ,נֱּ,נֱ,1,0,1
אַ,נֲּ,נֲ,1,0,1
אַ,נֳּ,נֳ,1,0,1
אַ,נְּ,נְ,1,0,1
אַ,סֹּ,סֹ,1,0,1
אַ,סָּ,סָ,1,0,1
אַ,סֵּ,סֵ,1,0,1
אַ,סַּ,סַ,1,0,1
אַ,סֶּ,סֶ,1,0,1
אַ,סִּ,סִ,1,0,1
אַ,סֻּ,סֻ,1,0,1
אַ,סֱּ,סֱ,1,0,1
אַ,סֲּ,סֲ,1,0,1
אַ,סֳּ,סֳ,1,0,1
אַ,סְּ,סְ,1,0,1
אַ,צֹּ,צֹ,1,0,1
אַ,צָּ,צָ,1,0,1
אַ,צֵּ,צֵ,1,0,1
אַ,צַּ,צַ,1,0,1
אַ,צֶּ,צֶ,1,0,1
אַ,צִּ,צִ,1,0,1
אַ,צֻּ,צֻ,1,0,1
אַ,צֱּ,צֱ,1,0,1
אַ,צֲּ,צֲ,1,0,1
אַ,צֳּ,צֳ,1,0,1
אַ,צְּ,צְ,1,0,1
אַ,קֹּ,קֹ,1,0,1
אַ,קָּ,קָ,1,0,1
אַ,קֵּ,קֵ,1,0,1
אַ,קַּ,קַ,1,0,1
אַ,קֶּ,קֶ,1,0,1
אַ,קִּ,קִ,1,0,1
אַ,קֻּ,קֻ,1,0,1
אַ,קֱּ,קֱ,1,0,1
אַ,קֲּ,קֲ,1,0,1
אַ,קֳּ,קֳ,1,0,1
אַ,קְּ,קְ,1,0,1
אַ,שֹּׁ,שֹׁ,1,0,1
אַ,שָּׁ,שָׁ,1,0,1
אַ,שֵּׁ,שֵׁ,1,0,1
אַ,שַּׁ,שַׁ,1,0,1
אַ,שֶּׁ,שֶׁ,1,0,1
אַ,שִּׁ,שִׁ,1,0,1
אַ,שֻּׁ,שֻׁ,1,0,1
אַ,שֱּׁ,שֱׁ,1,0,1
אַ,שֲּׁ,שֲׁ,1,0,1
אַ,שֳּׁ,שֳׁ,1,0,1
אַ,שְּׁ,שְׁ,1,0,1
אַ,שֹּׂ,שֹׂ,1,0,1
אַ,שָּׂ,שָׂ,1,0,1
אַ,שֵּׂ,שֵׂ,1,0,1
אַ,שַּׂ,שַׂ,1,0,1
אַ,שֶּׂ,שֶׂ,1,0,1
אַ,שִּׂ,שִׂ,1,0,1
אַ,שֻּׂ,שֻׂ,1,0,1
אַ,שֱּׂ,שֱׂ,1,0,1
אַ,שֲּׂ,שֲׂ,1,0,1
אַ,שֳּׂ,שֳׂ,1,0,1
אַ,שְּׂ,שְׂ,1,0,1
דִּ,י,יְ,1,0,1
דִ,י,יְ,1,0,1
דִּ,בְ,בְּ,1,0,1
דִּ,גְ,גְּ,1,0,1
דִּ,דְ,דְּ,1,0,1
דִּ,כְ,כְּ,1,0,1
דִּ,פְ,פְּ,1,0,1
דִּ,תְ,תְּ,1,0,1
דִ,בְ,בְּ,1,0,1
דִ,גְ,גְּ,1,0,1
דִ,דְ,דְּ,1,0,1
דִ,כְ,כְּ,1,0,1
דִ,פְ,פְּ,1,0,1
דִ,תְ,תְּ,1,0,1
דִּ,חְ,חְ,1,0,1
דִּ,רְ,רְ,1,0,1
דִ,חְ,חְ,1,0,1
דִ,רְ,רְ,1,0,1
דִּ,וְ,וְ,1,0,1
דִּ,זְ,זְ,1,0,1
דִּ,טְ,טְ,1,0,1
דִּ,יְ,יְ,1,0,1
דִּ,לְ,לְ,1,0,1
דִּ,מְ,מְ,1,0,1
דִּ,נְ,נְ,1,0,1
דִּ,סְ,סְ,1,0,1
דִּ,צְ,צְ,1,0,1
דִּ,קְ,קְ,1,0,1
דִּ,שְׁ,שְׁ,1,0,1
דִּ,שְׂ,שְׂ,1,0,1
דִ,וְ,וְ,1,0,1
דִ,זְ,זְ,1,0,1
דִ,טְ,טְ,1,0,1
דִ,יְ,יְ,1,0,1
דִ,לְ,לְ,1,0,1
דִ,מְ,מְ,1,0,1
דִ,נְ,נְ,1,0,1
דִ,סְ,סְ,1,0,1
דִ,צְ,צְ,1,0,1
דִ,קְ,קְ,1,0,1
דִ,שְׁ,שְׁ,1,0,1
דִ,שְׂ,שְׂ,1,0,1
דָּ,בֳ,בֳּ,1,0,1
דָּ,גֳ,גֳּ,1,0,1
דָּ,דֳ,דֳּ,1,0,1
דָּ,כֳ,כֳּ,1,0,1
דָּ,פֳ,פֳּ,1,0,1
דָּ,תֳ,תֳּ,1,0,1
דָ,בֳ,בֳּ,1,0,1
דָ,גֳ,גֳּ,1,0,1
דָ,דֳ,דֳּ,1,0,1
דָ,כֳ,כֳּ,1,0,1
דָ,פֳ,פֳּ,1,0,1
דָ,תֳ,תֳּ,1,0,1
דָּ,אֳ,אֳ,1,0,1
דָּ,הֳ,הֳ,1,0,1
דָּ,חֳ,חֳ,1,0,1
דָּ,עֳ,עֳ,1,0,1
דָּ,רֳ,רֳ,1,0,1
דָּ,וֳ,וֳ,1,0,1
דָּ,זֳ,זֳ,1,0,1
דָּ,טֳ,טֳ,1,0,1
דָּ,יֳ,יֳ,1,0,1
דָּ,לֳ,לֳ,1,0,1
דָּ,מֳ,מֳ,1,0,1
דָּ,נֳ,נֳ,1,0,1
דָּ,סֳ,סֳ,1,0,1
דָּ,צֳ,צֳ,1,0,1
דָּ,קֳ,קֳ,1,0,1
דָּ,שֳׁ,שֳׁ,1,0,1
דָּ,שֳׂ,שֳׂ,1,0,1
דָ,אֳ,אֳ,1,0,1
דָ,הֳ,הֳ,1,0,1
דָ,חֳ,חֳ,1,0,1
דָ,עֳ,עֳ,1,0,1
דָ,רֳ,רֳ,1,0,1
דָ,וֳ,וֳ,1,0,1
דָ,זֳ,זֳ,1,0,1
דָ,טֳ,טֳ,1,0,1
דָ,יֳ,יֳ,1,0,1
דָ,לֳ,לֳ,1,0,1
דָ,מֳ,מֳ,1,0,1
דָ,נֳ,נֳ,1,0,1
דָ,סֳ,סֳ,1,0,1
דָ,צֳ,צֳ,1,0,1
דָ,קֳ,קֳ,1,0,1
דָ,שֳׁ,שֳׁ,1,0,1
דָ,שֳׂ,שֳׂ,1,0,1
דַּ,בֲ,בֲּ,1,0,1
דַּ,גֲ,גֲּ,1,0,1
דַּ,דֲ,דֲּ,1,0,1
דַּ,כֲ,כֲּ,1,0,1
דַּ,פֲ,פֲּ,1,0,1
דַּ,תֲ,תֲּ,1,0,1
דַ,בֲ,בֲּ,1,0,1
דַ,גֲ,גֲּ,1,0,1
דַ,דֲ,דֲּ,1,0,1
דַ,כֲ,כֲּ,1,0,1
דַ,פֲ,פֲּ,1,0,1
דַ,תֲ,תֲּ,1,0,1
דַּ,אֲ,אֲ,1,0,1
דַּ,הֲ,הֲ,1,0,1
דַּ,חֲ,חֲ,1,0,1
דַּ,עֲ,עֲ,1,0,1
דַּ,רֲ,רֲ,1,0,1
דַּ,וֲ,וֲ,1,0,1
דַּ,זֲ,זֲ,1,0,1
דַּ,טֲ,טֲ,1,0,1
דַּ,יֲ,יֲ,1,0,1
דַּ,לֲ,לֲ,1,0,1
דַּ,מֲ,מֲ,1,0,1
דַּ,נֲ,נֲ,1,0,1
דַּ,סֲ,סֲ,1,0,1
דַּ,צֲ,צֲ,1,0,1
דַּ,קֲ,קֲ,1,0,1
דַּ,שֲׁ,שֲׁ,1,0,1
דַּ,שֲׂ,שֲׂ,1,0,1
דַ,אֲ,אֲ,1,0,1
דַ,הֲ,הֲ,1,0,1
דַ,חֲ,חֲ,1,0,1
דַ,עֲ,עֲ,1,0,1
דַ,רֲ,רֲ,1,0,1
דַ,וֲ,וֲ,1,0,1
דַ,זֲ,זֲ,1,0,1
דַ,טֲ,טֲ,1,0,1
דַ,יֲ,יֲ,1,0,1
דַ,לֲ,לֲ,1,0,1
דַ,מֲ,מֲ,1,0,1
דַ,נֲ,נֲ,1,0,1
דַ,סֲ,סֲ,1,0,1
דַ,צֲ,צֲ,1,0,1
דַ,קֲ,קֲ,1,0,1
דַ,שֲׁ,שֲׁ,1,0,1
דַ,שֲׂ,שֲׂ,1,0,1
דֶּ,בֱ,בֱּ,1,0,1
דֶּ,גֱ,גֱּ,1,0,1
דֶּ,דֱ,דֱּ,1,0,1
דֶּ,כֱ,כֱּ,1,0,1
דֶּ,פֱ,פֱּ,1,0,1
דֶּ,תֱ,תֱּ,1,0,1
דֶ,בֱ,בֱּ,1,0,1
דֶ,גֱ,גֱּ,1,0,1
דֶ,דֱ,דֱּ,1,0,1
דֶ,כֱ,כֱּ,1,0,1
דֶ,פֱ,פֱּ,1,0,1
דֶ,תֱ,תֱּ,1,0,1
דֶּ,אֱ,אֱ,1,0,1
דֶּ,הֱ,הֱ,1,0,1
דֶּ,חֱ,חֱ,1,0,1
דֶּ,עֱ,עֱ,1,0,1
דֶּ,רֱ,רֱ,1,0,1
דֶּ,וֱ,וֱ,1,0,1
דֶּ,טֱ,טֱ,1,0,1
דֶּ,יֱ,יֱ,1,0,1
דֶּ,לֱ,לֱ,1,0,1
דֶּ,מֱ,מֱ,1,0,1
דֶּ,נֱ,נֱ,1,0,1
דֶּ,סֱ,סֱ,1,0,1
דֶּ,צֱ,צֱ,1,0,1
דֶּ,קֱ,קֱ,1,0,1
דֶּ,שֱׁ,שֱׁ,1,0,1
דֶּ,שֱׂ,שֱׂ,1,0,1
דֶ,אֱ,אֱ,1,0,1
דֶ,הֱ,הֱ,1,0,1
דֶ,חֱ,חֱ,1,0,1
דֶ,עֱ,עֱ,1,0,1
דֶ,רֱ,רֱ,1,0,1
דֶ,וֱ,וֱ,1,0,1
דֶ,טֱ,טֱ,1,0,1
דֶ,יֱ,יֱ,1,0,1
דֶ,לֱ,לֱ,1,0,1
דֶ,מֱ,מֱ,1,0,1
דֶ,נֱ,נֱ,1,0,1
דֶ,סֱ,סֱ,1,0,1
דֶ,צֱ,צֱ,1,0,1
דֶ,קֱ,קֱ,1,0,1
דֶ,שֱׁ,שֱׁ,1,0,1
דֶ,שֱׂ,שֱׂ,1,0,1
דְּ,בָ,בָּ,1,0,1
דְּ,בֵ,בֵּ,1,0,1
דְּ,בַ,בַּ,1,0,1
דְּ,בֶ,בֶּ,1,0,1
דְּ,בִ,בִּ,1,0,1
דְּ,בֻ,בֻּ,1,0,1
דְּ,בֹ,בֹּ,1,0,1
דְּ,גָ,גָּ,1,0,1
דְּ,גֵ,גֵּ,1,0,1
דְּ,גַ,גַּ,1,0,1
דְּ,גֶ,גֶּ,1,0,1
דְּ,גִ,גִּ,1,0,1
דְּ,גֻ,גֻּ,1,0,1
דְּ,גֹ,גֹּ,1,0,1
דְּ,דָ,דָּ,1,0,1
דְּ,דֵ,דֵּ,1,0,1
דְּ,דַ,דַּ,1,0,1
דְּ,דֶ,דֶּ,1,0,1
דְּ,דִ,דִּ,1,0,1
דְּ,דֻ,דֻּ,1,0,1
דְּ,דֹ,דֹּ,1,0,1
דְּ,כָ,כָּ,1,0,1
דְּ,כֵ,כֵּ,1,0,1
דְּ,כַ,כַּ,1,0,1
דְּ,כֶ,כֶּ,1,0,1
דְּ,כִ,כִּ,1,0,1
דְּ,כֻ,כֻּ,1,0,1
דְּ,כֹ,כֹּ,1,0,1
דְּ,פָ,פָּ,1,0,1
דְּ,פֵ,פֵּ,1,0,1
דְּ,פַ,פַּ,1,0,1
דְּ,פֶ,פֶּ,1,0,1
דְּ,פִ,פִּ,1,0,1
דְּ,פֻ,פֻּ,1,0,1
דְּ,פֹ,פֹּ,1,0,1
דְּ,תָ,תָּ,1,0,1
דְּ,תֵ,תֵּ,1,0,1
דְּ,תַ,תַּ,1,0,1
דְּ,תֶ,תֶּ,1,0,1
דְּ,תִ,תִּ,1,0,1
דְּ,תֻ,תֻּ,1,0,1
דְּ,תֹ,תֹּ,1,0,1
דְ,בָ,בָּ,1,0,1
דְ,בֵ,בֵּ,1,0,1
דְ,בַ,בַּ,1,0,1
דְ,בֶ,בֶּ,1,0,1
דְ,בִ,בִּ,1,0,1
דְ,בֻ,בֻּ,1,0,1
דְ,בֹ,בֹּ,1,0,1
דְ,גָ,גָּ,1,0,1
דְ,גֵ,גֵּ,1,0,1
דְ,גַ,גַּ,1,0,1
דְ,גֶ,גֶּ,1,0,1
דְ,גִ,גִּ,1,0,1
דְ,גֻ,גֻּ,1,0,1
דְ,גֹ,גֹּ,1,0,1
דְ,דָ,דָּ,1,0,1
דְ,דֵ,דֵּ,1,0,1
דְ,דַ,דַּ,1,0,1
דְ,דֶ,דֶּ,1,0,1
דְ,דִ,דִּ,1,0,1
דְ,דֻ,דֻּ,1,0,1
דְ,דֹ,דֹּ,1,0,1
דְ,כָ,כָּ,1,0,1
דְ,כֵ,כֵּ,1,0,1
דְ,כַ,כַּ,1,0,1
דְ,כֶ,כֶּ,1,0,1
דְ,כִ,כִּ,1,0,1
דְ,כֻ,כֻּ,1,0,1
דְ,כֹ,כֹּ,1,0,1
דְ,פָ,פָּ,1,0,1
דְ,פֵ,פֵּ,1,0,1
דְ,פַ,פַּ,1,0,1
דְ,פֶ,פֶּ,1,0,1
דְ,פִ,פִּ,1,0,1
דְ,פֻ,פֻּ,1,0,1
דְ,פֹ,פֹּ,1,0,1
דְ,תָ,תָּ,1,0,1
דְ,תֵ,תֵּ,1,0,1
דְ,תַ,תַּ,1,0,1
דְ,תֶ,תֶּ,1,0,1
דְ,תִ,תִּ,1,0,1
דְ,תֻ,תֻּ,1,0,1
דְ,תֹ,תֹּ,1,0,1
דְּ,אָ,אָ,1,0,1
דְּ,אֵ,אֵ,1,0,1
דְּ,אַ,אַ,1,0,1
דְּ,אֶ,אֶ,1,0,1
דְּ,אִ,אִ,1,0,1
דְּ,אֻ,אֻ,1,0,1
דְּ,אֹ,אֹ,1,0,1
דְּ,הָ,הָ,1,0,1
דְּ,הֵ,הֵ,1,0,1
דְּ,הַ,הַ,1,0,1
דְּ,הֶ,הֶ,1,0,1
דְּ,הִ,הִ,1,0,1
דְּ,הֻ,הֻ,1,0,1
דְּ,הֹ,הֹ,1,0,1
דְּ,חָ,חָ,1,0,1
דְּ,חֵ,חֵ,1,0,1
דְּ,חַ,חַ,1,0,1
דְּ,חֶ,חֶ,1,0,1
דְּ,חִ,חִ,1,0,1
דְּ,חֻ,חֻ,1,0,1
דְּ,חֹ,חֹ,1,0,1
דְּ,עָ,עָ,1,0,1
דְּ,עֵ,עֵ,1,0,1
דְּ,עַ,עַ,1,0,1
דְּ,עֶ,עֶ,1,0,1
דְּ,עִ,עִ,1,0,1
דְּ,עֻ,עֻ,1,0,1
דְּ,עֹ,עֹ,1,0,1
דְּ,רָ,רָ,1,0,1
דְּ,רֵ,רֵ,1,0,1
דְּ,רַ,רַ,1,0,1
דְּ,רֶ,רֶ,1,0,1
דְּ,רִ,רִ,1,0,1
דְּ,רֻ,רֻ,1,0,1
דְּ,רֹ,רֹ,1,0,1
דְּ,וָ,וָ,1,0,1
דְּ,וֵ,וֵ,1,0,1
דְּ,וַ,וַ,1,0,1
דְּ,וֶ,וֶ,1,0,1
דְּ,וִ,וִ,1,0,1
דְּ,וֻ,וֻ,1,0,1
דְּ,וֹ,וֹ,1,0,1
דְּ,זָ,זָ,1,0,1
דְּ,זֵ,זֵ,1,0,1
דְּ,זַ,זַ,1,0,1
דְּ,זֶ,זֶ,1,0,1
דְּ,זִ,זִ,1,0,1
דְּ,זֻ,זֻ,1,0,1
דְּ,זֹ,זֹ,1,0,1
דְּ,טָ,טָ,1,0,1
דְּ,טֵ,טֵ,1,0,1
דְּ,טַ,טַ,1,0,1
דְּ,טֶ,טֶ,1,0,1
דְּ,טִ,טִ,1,0,1
דְּ,טֻ,טֻ,1,0,1
דְּ,טֹ,טֹ,1,0,1
דְּ,יָ,יָ,1,0,1
דְּ,יֵ,יֵ,1,0,1
דְּ,יַ,יַ,1,0,1
דְּ,יֶ,יֶ,1,0,1
דְּ,יִ,יִ,1,0,1
דְּ,יֻ,יֻ,1,0,1
דְּ,יֹ,יֹ,1,0,1
דְּ,לָ,לָ,1,0,1
דְּ,לֵ,לֵ,1,0,1
דְּ,לַ,לַ,1,0,1
דְּ,לֶ,לֶ,1,0,1
דְּ,לִ,לִ,1,0,1
דְּ,לֻ,לֻ,1,0,1
דְּ,לֹ,לֹ,1,0,1
דְּ,מָ,מָ,1,0,1
דְּ,מֵ,מֵ,1,0,1
דְּ,מַ,מַ,1,0,1
דְּ,מֶ,מֶ,1,0,1
דְּ,מִ,מִ,1,0,1
דְּ,מֻ,מֻ,1,0,1
דְּ,מֹ,מֹ,1,0,1
דְּ,נָ,נָ,1,0,1
דְּ,נֵ,נֵ,1,0,1
דְּ,נַ,נַ,1,0,1
דְּ,נֶ,נֶ,1,0,1
דְּ,נִ,נִ,1,0,1
דְּ,נֻ,נֻ,1,0,1
דְּ,נֹ,נֹ,1,0,1
דְּ,סָ,סָ,1,0,1
דְּ,סֵ,סֵ,1,0,1
דְּ,סַ,סַ,1,0,1
דְּ,סֶ,סֶ,1,0,1
דְּ,סִ,סִ,1,0,1
דְּ,סֻ,סֻ,1,0,1
דְּ,סֹ,סֹ,1,0,1
דְּ,צָ,צָ,1,0,1
דְּ,צֵ,צֵ,1,0,1
דְּ,צַ,צַ,1,0,1
דְּ,צֶ,צֶ,1,0,1
דְּ,צִ,צִ,1,0,1
דְּ,צֻ,צֻ,1,0,1
דְּ,צֹ,צֹ,1,0,1
דְּ,קָ,קָ,1,0,1
דְּ,קֵ,קֵ,1,0,1
דְּ,קַ,קַ,1,0,1
דְּ,קֶ,קֶ,1,0,1
דְּ,קִ,קִ,1,0,1
דְּ,קֻ,קֻ,1,0,1
דְּ,קֹ,קֹ,1,0,1
דְּ,שָׁ,שָׁ,1,0,1
דְּ,שֵׁ,שֵׁ,1,0,1
דְּ,שַׁ,שַׁ,1,0,1
דְּ,שֶׁ,שֶׁ,1,0,1
דְּ,שִׁ,שִׁ,1,0,1
דְּ,שֻׁ,שֻׁ,1,0,1
דְּ,שֹׁ,שֹׁ,1,0,1
דְּ,שָׂ,שָׂ,1,0,1
דְּ,שֵׂ,שֵׂ,1,0,1
דְּ,שַׂ,שַׂ,1,0,1
דְּ,שֶׂ,שֶׂ,1,0,1
דְּ,שִׂ,שִׂ,1,0,1
דְּ,שֻׂ,שֻׂ,1,0,1
דְּ,שֹׂ,שֹׂ,1,0,1
דְ,אָ,אָ,1,0,1
דְ,אֵ,אֵ,1,0,1
דְ,אַ,אַ,1,0,1
דְ,אֶ,אֶ,1,0,1
דְ,אִ,אִ,1,0,1
דְ,אֻ,אֻ,1,0,1
דְ,אֹ,אֹ,1,0,1
דְ,הָ,הָ,1,0,1
דְ,הֵ,הֵ,1,0,1
דְ,הַ,הַ,1,0,1
דְ,הֶ,הֶ,1,0,1
דְ,הִ,הִ,1,0,1
דְ,הֻ,הֻ,1,0,1
דְ,הֹ,הֹ,1,0,1
דְ,חָ,חָ,1,0,1
דְ,חֵ,חֵ,1,0,1
דְ,חַ,חַ,1,0,1
דְ,חֶ,חֶ,1,0,1
דְ,חִ,חִ,1,0,1
דְ,חֻ,חֻ,1,0,1
דְ,חֹ,חֹ,1,0,1
דְ,עָ,עָ,1,0,1
דְ,עֵ,עֵ,1,0,1
דְ,עַ,עַ,1,0,1
דְ,עֶ,עֶ,1,0,1
דְ,עִ,עִ,1,0,1
דְ,עֻ,עֻ,1,0,1
דְ,עֹ,עֹ,1,0,1
דְ,רָ,רָ,1,0,1
דְ,רֵ,רֵ,1,0,1
דְ,רַ,רַ,1,0,1
דְ,רֶ,רֶ,1,0,1
דְ,רִ,רִ,1,0,1
דְ,רֻ,רֻ,1,0,1
דְ,רֹ,רֹ,1,0,1
דְ,וָ,וָ,1,0,1
דְ,וֵ,וֵ,1,0,1
דְ,וַ,וַ,1,0,1
דְ,וֶ,וֶ,1,0,1
דְ,וִ,וִ,1,0,1
דְ,וֻ,וֻ,1,0,1
דְ,וֹ,וֹ,1,0,1
דְ,זָ,זָ,1,0,1
דְ,זֵ,זֵ,1,0,1
דְ,זַ,זַ,1,0,1
דְ,זֶ,זֶ,1,0,1
דְ,זִ,זִ,1,0,1
דְ,זֻ,זֻ,1,0,1
דְ,זֹ,זֹ,1,0,1
דְ,טָ,טָ,1,0,1
דְ,טֵ,טֵ,1,0,1
דְ,טַ,טַ,1,0,1
דְ,טֶ,טֶ,1,0,1
דְ,טִ,טִ,1,0,1
דְ,טֻ,טֻ,1,0,1
דְ,טֹ,טֹ,1,0,1
דְ,יָ,יָ,1,0,1
דְ,יֵ,יֵ,1,0,1
דְ,יַ,יַ,1,0,1
דְ,יֶ,יֶ,1,0,1
דְ,יִ,יִ,1,0,1
דְ,יֻ,יֻ,1,0,1
דְ,יֹ,יֹ,1,0,1
דְ,לָ,לָ,1,0,1
דְ,לֵ,לֵ,1,0,1
דְ,לַ,לַ,1,0,1
דְ,לֶ,לֶ,1,0,1
דְ,לִ,לִ,1,0,1
דְ,לֻ,לֻ,1,0,1
דְ,לֹ,לֹ,1,0,1
דְ,מָ,מָ,1,0,1
דְ,מֵ,מֵ,1,0,1
דְ,מַ,מַ,1,0,1
דְ,מֶ,מֶ,1,0,1
דְ,מִ,מִ,1,0,1
דְ,מֻ,מֻ,1,0,1
דְ,מֹ,מֹ,1,0,1
דְ,נָ,נָ,1,0,1
דְ,נֵ,נֵ,1,0,1
דְ,נַ,נַ,1,0,1
דְ,נֶ,נֶ,1,0,1
דְ,נִ,נִ,1,0,1
דְ,נֻ,נֻ,1,0,1
דְ,נֹ,נֹ,1,0,1
דְ,סָ,סָ,1,0,1
דְ,סֵ,סֵ,1,0,1
דְ,סַ,סַ,1,0,1
דְ,סֶ,סֶ,1,0,1
דְ,סִ,סִ,1,0,1
דְ,סֻ,סֻ,1,0,1
דְ,סֹ,סֹ,1,0,1
דְ,צָ,צָ,1,0,1
דְ,צֵ,צֵ,1,0,1
דְ,צַ,צַ,1,0,1
דְ,צֶ,צֶ,1,0,1
דְ,צִ,צִ,1,0,1
דְ,צֻ,צֻ,1,0,1
דְ,צֹ,צֹ,1,0,1
דְ,קָ,קָ,1,0,1
דְ,קֵ,קֵ,1,0,1
דְ,קַ,קַ,1,0,1
דְ,קֶ,קֶ,1,0,1
דְ,קִ,קִ,1,0,1
דְ,קֻ,קֻ,1,0,1
דְ,קֹ,קֹ,1,0,1
דְ,שָׁ,שָׁ,1,0,1
דְ,שֵׁ,שֵׁ,1,0,1
דְ,שַׁ,שַׁ,1,0,1
דְ,שֶׁ,שֶׁ,1,0,1
דְ,שִׁ,שִׁ,1,0,1
דְ,שֻׁ,שֻׁ,1,0,1
דְ,שֹׁ,שֹׁ,1,0,1
דְ,שָׂ,שָׂ,1,0,1
דְ,שֵׂ,שֵׂ,1,0,1
דְ,שַׂ,שַׂ,1,0,1
דְ,שֶׂ,שֶׂ,1,0,1
דְ,שִׂ,שִׂ,1,0,1
דְ,שֻׂ,שֻׂ,1,0,1
דְ,שֹׂ,שֹׂ,1,0,1
שֶׁ,אֹ,אֹ,0,1,1
שֶׁ,אָ,אָ,0,1,1
שֶׁ,אֵ,אֵ,0,1,1
שֶׁ,אַ,אַ,0,1,1
שֶׁ,אֶ,אֶ,0,1,1
שֶׁ,אִ,אִ,0,1,1
שֶׁ,אֻ,אֻ,0,1,1
שֶׁ,אֱ,אֱ,0,1,1
שֶׁ,אֲ,אֲ,0,1,1
שֶׁ,אֳ,אֳ,0,1,1
שֶׁ,הֹ,הֹ,0,1,1
שֶׁ,הָ,הָ,0,1,1
שֶׁ,הֵ,הֵ,0,1,1
שֶׁ,הַ,הַ,0,1,1
שֶׁ,הֶ,הֶ,0,1,1
שֶׁ,הִ,הִ,0,1,1
שֶׁ,הֻ,הֻ,0,1,1
שֶׁ,הֱ,הֱ,0,1,1
שֶׁ,הֲ,הֲ,0,1,1
שֶׁ,הֳ,הֳ,0,1,1
שֶׁ,חֹ,חֹ,0,1,1
שֶׁ,חָ,חָ,0,1,1
שֶׁ,חֵ,חֵ,0,1,1
שֶׁ,חַ,חַ,0,1,1
שֶׁ,חֶ,חֶ,0,1,1
שֶׁ,חִ,חִ,0,1,1
שֶׁ,חֻ,חֻ,0,1,1
שֶׁ,חֱ,חֱ,0,1,1
שֶׁ,חֲ,חֲ,0,1,1
שֶׁ,חֳ,חֳ,0,1,1
שֶׁ,חְ,חְ,0,1,1
שֶׁ,עֹ,עֹ,0,1,1
שֶׁ,עָ,עָ,0,1,1
שֶׁ,עֵ,עֵ,0,1,1
שֶׁ,עַ,עַ,0,1,1
שֶׁ,עֶ,עֶ,0,1,1
שֶׁ,עִ,עִ,0,1,1
שֶׁ,עֻ,עֻ,0,1,1
שֶׁ,עֱ,עֱ,0,1,1
שֶׁ,עֲ,עֲ,0,1,1
שֶׁ,עֳ,עֳ,0,1,1
שֶׁ,רֹ,רֹ,0,1,1
שֶׁ,רָ,רָ,0,1,1
שֶׁ,רֵ,רֵ,0,1,1
שֶׁ,רַ,רַ,0,1,1
שֶׁ,רֶ,רֶ,0,1,1
שֶׁ,רִ,רִ,0,1,1
שֶׁ,רֻ,רֻ,0,1,1
שֶׁ,רֱ,רֱ,0,1,1
שֶׁ,רֲ,רֲ,0,1,1
שֶׁ,רֳ,רֳ,0,1,1
שֶׁ,רְ,רְ,0,1,1
שֶׁ,בֹּ,בֹּ,0,1,1
שֶׁ,בָּ,בָּ,0,1,1
שֶׁ,בֵּ,בֵּ,0,1,1
שֶׁ,בַּ,בַּ,0,1,1
שֶׁ,בֶּ,בֶּ,0,1,1
שֶׁ,בִּ,בִּ,0,1,1
שֶׁ,בֻּ,בֻּ,0,1,1
שֶׁ,בֱּ,בֱּ,0,1,1
שֶׁ,בֲּ,בֲּ,0,1,1
שֶׁ,בֳּ,בֳּ,0,1,1
שֶׁ,בְּ,בְּ,0,1,1
שֶׁ,גֹּ,גֹּ,0,1,1
שֶׁ,גָּ,גָּ,0,1,1
שֶׁ,גֵּ,גֵּ,0,1,1
שֶׁ,גַּ,גַּ,0,1,1
שֶׁ,גֶּ,גֶּ,0,1,1
שֶׁ,גִּ,גִּ,0,1,1
שֶׁ,גֻּ,גֻּ,0,1,1
שֶׁ,גֱּ,גֱּ,0,1,1
שֶׁ,גֲּ,גֲּ,0,1,1
שֶׁ,גֳּ,גֳּ,0,1,1
שֶׁ,גְּ,גְּ,0,1,1
שֶׁ,דֹּ,דֹּ,0,1,1
שֶׁ,דָּ,דָּ,0,1,1
שֶׁ,דֵּ,דֵּ,0,1,1
שֶׁ,דַּ,דַּ,0,1,1
שֶׁ,דֶּ,דֶּ,0,1,1
שֶׁ,דִּ,דִּ,0,1,1
שֶׁ,דֻּ,דֻּ,0,1,1
שֶׁ,דֱּ,דֱּ,0,1,1
שֶׁ,דֲּ,דֲּ,0,1,1
שֶׁ,דֳּ,דֳּ,0,1,1
שֶׁ,דְּ,דְּ,0,1,1
שֶׁ,כֹּ,כֹּ,0,1,1
שֶׁ,כָּ,כָּ,0,1,1
שֶׁ,כֵּ,כֵּ,0,1,1
שֶׁ,כַּ,כַּ,0,1,1
שֶׁ,כֶּ,כֶּ,0,1,1
שֶׁ,כִּ,כִּ,0,1,1
שֶׁ,כֻּ,כֻּ,0,1,1
שֶׁ,כֱּ,כֱּ,0,1,1
שֶׁ,כֲּ,כֲּ,0,1,1
שֶׁ,כֳּ,כֳּ,0,1,1
שֶׁ,כְּ,כְּ,0,1,1
שֶׁ,פֹּ,פֹּ,0,1,1
שֶׁ,פָּ,פָּ,0,1,1
שֶׁ,פֵּ,פֵּ,0,1,1
שֶׁ,פַּ,פַּ,0,1,1
שֶׁ,פֶּ,פֶּ,0,1,1
שֶׁ,פִּ,פִּ,0,1,1
שֶׁ,פֻּ,פֻּ,0,1,1
שֶׁ,פֱּ,פֱּ,0,1,1
שֶׁ,פֲּ,פֲּ,0,1,1
שֶׁ,פֳּ,פֳּ,0,1,1
שֶׁ,פְּ,פְּ,0,1,1
שֶׁ,תֹּ,תֹּ,0,1,1
שֶׁ,תָּ,תָּ,0,1,1
שֶׁ,תֵּ,תֵּ,0,1,1
שֶׁ,תַּ,תַּ,0,1,1
שֶׁ,תֶּ,תֶּ,0,1,1
שֶׁ,תִּ,תִּ,0,1,1
שֶׁ,תֻּ,תֻּ,0,1,1
שֶׁ,תֱּ,תֱּ,0,1,1
שֶׁ,תֲּ,תֲּ,0,1,1
שֶׁ,תֳּ,תֳּ,0,1,1
שֶׁ,תְּ,תְּ,0,1,1
שֶׁ,וֹּ,וֹ,0,1,1
שֶׁ,וָּ,וָ,0,1,1
שֶׁ,וֵּ,וֵ,0,1,1
שֶׁ,וַּ,וַ,0,1,1
שֶׁ,וֶּ,וֶ,0,1,1
שֶׁ,וִּ,וִ,0,1,1
שֶׁ,וֻּ,וֻ,0,1,1
שֶׁ,וֱּ,וֱ,0,1,1
שֶׁ,וֲּ,וֲ,0,1,1
שֶׁ,וֳּ,וֳ,0,1,1
שֶׁ,וְּ,וְ,0,1,1
שֶׁ,זֹּ,זֹ,0,1,1
שֶׁ,זָּ,זָ,0,1,1
שֶׁ,זֵּ,זֵ,0,1,1
שֶׁ,זַּ,זַ,0,1,1
שֶׁ,זֶּ,זֶ,0,1,1
שֶׁ,זִּ,זִ,0,1,1
שֶׁ,זֻּ,זֻ,0,1,1
שֶׁ,זֱּ,זֱ,0,1,1
שֶׁ,זֲּ,זֲ,0,1,1
שֶׁ,זֳּ,זֳ,0,1,1
שֶׁ,זְּ,זְ,0,1,1
שֶׁ,טֹּ,טֹ,0,1,1
שֶׁ,טָּ,טָ,0,1,1
שֶׁ,טֵּ,טֵ,0,1,1
שֶׁ,טַּ,טַ,0,1,1
שֶׁ,טֶּ,טֶ,0,1,1
שֶׁ,טִּ,טִ,0,1,1
שֶׁ,טֻּ,טֻ,0,1,1
שֶׁ,טֱּ,טֱ,0,1,1
שֶׁ,טֲּ,טֲ,0,1,1
שֶׁ,טֳּ,טֳ,0,1,1
שֶׁ,טְּ,טְ,0,1,1
שֶׁ,יֹּ,יֹ,0,1,1
שֶׁ,יָּ,יָ,0,1,1
שֶׁ,יֵּ,יֵ,0,1,1
שֶׁ,יַּ,יַ,0,1,1
שֶׁ,יֶּ,יֶ,0,1,1
שֶׁ,יִּ,יִ,0,1,1
שֶׁ,יֻּ,יֻ,0,1,1
שֶׁ,יֱּ,יֱ,0,1,1
שֶׁ,יֲּ,יֲ,0,1,1
שֶׁ,יֳּ,יֳ,0,1,1
שֶׁ,יְּ,יְ,0,1,1
שֶׁ,לֹּ,לֹ,0,1,1
שֶׁ,לָּ,לָ,0,1,1
שֶׁ,לֵּ,לֵ,0,1,1
שֶׁ,לַּ,לַ,0,1,1
שֶׁ,לֶּ,לֶ,0,1,1
שֶׁ,לִּ,לִ,0,1,1
שֶׁ,לֻּ,לֻ,0,1,1
שֶׁ,לֱּ,לֱ,0,1,1
שֶׁ,לֲּ,לֲ,0,1,1
שֶׁ,לֳּ,לֳ,0,1,1
שֶׁ,לְּ,לְ,0,1,1
שֶׁ,מֹּ,מֹ,0,1,1
שֶׁ,מָּ,מָ,0,1,1
שֶׁ,מֵּ,מֵ,0,1,1
שֶׁ,מַּ,מַ,0,1,1
שֶׁ,מֶּ,מֶ,0,1,1
שֶׁ,מִּ,מִ,0,1,1
שֶׁ,מֻּ,מֻ,0,1,1
שֶׁ,מֱּ,מֱ,0,1,1
שֶׁ,מֲּ,מֲ,0,1,1
שֶׁ,מֳּ,מֳ,0,1,1
שֶׁ,מְּ,מְ,0,1,1
שֶׁ,נֹּ,נֹ,0,1,1
שֶׁ,נָּ,נָ,0,1,1
שֶׁ,נֵּ,נֵ,0,1,1
שֶׁ,נַּ,נַ,0,1,1
שֶׁ,נֶּ,נֶ,0,1,1
שֶׁ,נִּ,נִ,0,1,1
שֶׁ,נֻּ,נֻ,0,1,1
שֶׁ,נֱּ,נֱ,0,1,1
שֶׁ,נֲּ,נֲ,0,1,1
שֶׁ,נֳּ,נֳ,0,1,1
שֶׁ,נְּ,נְ,0,1,1
שֶׁ,סֹּ,סֹ,0,1,1
שֶׁ,סָּ,סָ,0,1,1
שֶׁ,סֵּ,סֵ,0,1,1
שֶׁ,סַּ,סַ,0,1,1
שֶׁ,סֶּ,סֶ,0,1,1
שֶׁ,סִּ,סִ,0,1,1
שֶׁ,סֻּ,סֻ,0,1,1
שֶׁ,סֱּ,סֱ,0,1,1
שֶׁ,סֲּ,סֲ,0,1,1
שֶׁ,סֳּ,סֳ,0,1,1
שֶׁ,סְּ,סְ,0,1,1
שֶׁ,צֹּ,צֹ,0,1,1
שֶׁ,צָּ,צָ,0,1,1
שֶׁ,צֵּ,צֵ,0,1,1
שֶׁ,צַּ,צַ,0,1,1
שֶׁ,צֶּ,צֶ,0,1,1
שֶׁ,צִּ,צִ,0,1,1
שֶׁ,צֻּ,צֻ,0,1,1
שֶׁ,צֱּ,צֱ,0,1,1
שֶׁ,צֲּ,צֲ,0,1,1
שֶׁ,צֳּ,צֳ,0,1,1
שֶׁ,צְּ,צְ,0,1,1
שֶׁ,קֹּ,קֹ,0,1,1
שֶׁ,קָּ,קָ,0,1,1
שֶׁ,קֵּ,קֵ,0,1,1
שֶׁ,קַּ,קַ,0,1,1
שֶׁ,קֶּ,קֶ,0,1,1
שֶׁ,קִּ,קִ,0,1,1
שֶׁ,קֻּ,קֻ,0,1,1
שֶׁ,קֱּ,קֱ,0,1,1
שֶׁ,קֲּ,קֲ,0,1,1
שֶׁ,קֳּ,קֳ,0,1,1
שֶׁ,קְּ,קְ,0,1,1
שֶׁ,שֹּׁ,שֹׁ,0,1,1
שֶׁ,שָּׁ,שָׁ,0,1,1
שֶׁ,שֵּׁ,שֵׁ,0,1,1
שֶׁ,שַּׁ,שַׁ,0,1,1
שֶׁ,שֶּׁ,שֶׁ,0,1,1
שֶׁ,שִּׁ,שִׁ,0,1,1
שֶׁ,שֻּׁ,שֻׁ,0,1,1
שֶׁ,שֱּׁ,שֱׁ,0,1,1
שֶׁ,שֲּׁ,שֲׁ,0,1,1
שֶׁ,שֳּׁ,שֳׁ,0,1,1
שֶׁ,שְּׁ,שְׁ,0,1,1
שֶׁ,שֹּׂ,שֹׂ,0,1,1
שֶׁ,שָּׂ,שָׂ,0,1,1
שֶׁ,שֵּׂ,שֵׂ,0,1,1
שֶׁ,שַּׂ,שַׂ,0,1,1
שֶׁ,שֶּׂ,שֶׂ,0,1,1
שֶׁ,שִּׂ,שִׂ,0,1,1
שֶׁ,שֻּׂ,שֻׂ,0,1,1
שֶׁ,שֱּׂ,שֱׂ,0,1,1
שֶׁ,שֲּׂ,שֲׂ,0,1,1
שֶׁ,שֳּׂ,שֳׂ,0,1,1
שֶׁ,שְּׂ,שְׂ,0,1,1
