ROOT,RESERVE,PRIMARY 1,PRIMARY 2,PRIMARY 3,PRIMARY 4,RESERVE 1,RESERVE 2,RESERVE 3,RESERVE 4
אבד,1,אֲבַּד,,,,,,,
אבי,1,אָבֵי,,,,,,,
אבל,1,אֲבֵל,,,,,,,
אבע,1,נְבַע,,,,אַבֵּעַ,,,
אבק,1,אֲבַק,,,,,,,
אגד,1,אֲגַד I,אֲגַד II,,,,,,
אגר,1,אֲגַר I,אֲגַר II,,,,,,
אדי,1,אֲדִי,,,,,,,
אדם,1,הֲדַם,,,,אֲדַם,,,
אהל,0,אָהַל,,,,,,,
אוד,1,,,,,,,,
אוס,1,,,,,,,,
אושׁ,1,אֲוַשׁ,,,,,,,
אזל,1,אֲזַל I,אֲזַל II,,,,,,
אחד,1,אֲחַד,,,,,,,
אחי,1,אחי ²,,,,,,,
אחר,1,אֲחַר,,,,,,,
אכל,1,אֲכַל,אֲכַל II,,,,,,
אכף,0,אָכַף,,,,,,,
אכר,1,,,,,,,,
אלל,1,אֲלַל,,,,,,,
אלם,1,אֲלַם,,,,,,,
אלס,1,אֲלַס,,,,,,,
אלף,1,אֲלַף II,,,,,,,
אמד,1,אֲמַד,,,,,,,
אמץ,0,אָמַץ,,,,,,,
אמר,1,אֲמַר,,,,,,,
אנח,1,אֲנַח,,,,,,,
אנס,1,אֲנַס,,,,,,,
אסי,1,אֲסִי,,,,,,,
אסף,1,אֲסַף,,,,,,,
אסר,1,אֲסַר,,,,,,,
אפי,1,אָפֵי,,,,,,,
אפך,1,אֲפַךְ,,,,,,,
אפל,1,אֲפַל,,,,,,,
אפף,0,אָפַף,,,,,,,
אפץ,1,אֲפַץ,,,,,,,
אצר,1,אֲצַר I,,,,,,,
אקן,1,אֲקַן,,,,,,,
ארב,1,*אֲרַב,,,,,,,
ארג,1,אֲרַג,,,,,,,
ארי,1,אֲרִי I,,,,,,,
ארך,1,אֲרִיךְ I,ארך,,,אֲרַךְ,,,
ארס,1,אֲרַס,,,,,,,
ארע,1,אֲרַע I,אֲרַע II,,,,,,
ארק,1,חֲרַק,,,,,,,
אשׁד,1,אֲשַׁד,,,,,,,
אשׁף,1,,,,,,,,
אשׁר,1,אֲשַׁר,,,,,,,
באשׁ,0,בָּאַשׁ,,,,,,,
בגר,1,בְּגַר,,,,,,,
בדח,1,בְּדַח,,,,,,,
בדל,1,בְּדַל,,,,,,,
בדק,1,בְּדַק,,,,,,,
בדר,1,בְּדַר,,,,,,,
בהל,1,בְּהַל,,,,,,,
בהת,1,בְּהַת,,,,,,,
בור,1,בּוּר,,,,,,,
בות,1,בִּית,,,,בּוּת,,,
בזי,1,בְּזֵי,בְּזֵי ²,,,,,,
בזע,1,בְּזַע,,,,,,,
בזק,1,בְּזַק,,,,,,,
בחר,1,בְּחַר,,,,,,,
בחש,1,בְּחַשׁ,,,,,,,
בטח,1,בְּטַח I,,,,,,,
בטל,1,בְּטֵל,,,,,,,
בטן,1,בְּטַן,,,,,,,
בטשׁ,1,בְּטַשׁ,,,,,,,
בישׁ,1,בְּאֵישׁ,,,,,,,
בכי,1,בכי ²,,,,,,,
בכר,1,בְּכַר,,,,,,,
בלא,1,בְּלָא,,,,,,,
בלי,1,בְּלֵי I,,,,,,,
בלם,1,בְּלַם,,,,,,,
בלס,1,,,,,,,,
בלע,1,בְּלַע,,,,,,,
בני,1,בְּנֵי,,,,,,,
בסי,1,בסי,,,,,,,
בסם,1,בְּסַם,,,,,,,
בעט,1,בְּעַט,,,,,,,
בעי,1,בְּעֵי I,בְּעֵי II,,,,,,
בעל,1,בְּעַל,,,,,,,
בער,1,בְּעַר I,*בְּעַר II,,,,,,
בעת,1,בְּעֵת,,,,,,,
בצל,1,בְּצַל,,,,,,,
בצע,1,בְּצַע,,,,,,,
בצר,1,בְּצַר,בָּצֵר,,,,,,
בקי,1,בְּקָא,,,,בְּקִי,,,
בקע,0,בָּקַע,,,,,,,
בקר,1,בְּקַר,,,,,,,
ברז,1,בְּרַז,,,,,,,
ברח,1,בְּרַח,,,,,,,
ברי,1,ברי,,,,,,,
ברך,1,בְּרַךְ,,,,,,,
ברם,1,,,,,,,,
ברץ,1,בְּרַץ,,,,,,,
ברר,1,בְּרַר,,,,,,,
בשׁל,1,בְּשַׁל,,,,,,,
בשׁר,1,בְּשַׂר,,,,,,,
בתשׁ,1,*בְּתַשׁ,,,,,,,
גבב,1,גְּבַב,,,,,,,
גבי,1,גְּבִי,,,,,,,
גבל,1,גְּבַל,,,,,,,
גבר,1,גְּבַר I,,,,,,,
גדד,1,גְּדַד,,,,,,,
גדל,1,גְּדַל II,גְּדַל I,,,,,,
גדף,1,גְּדַף,,,,,,,
גדר,1,גְּדַר,גַּדַּר,,,,,,
גדשׁ,1,גְּדַשׁ I,גְּדַשׁ II,,,,,,
גהט,1,גְּהַט,,,,,,,
גהר,1,,,,,,,,
גוז,1,גּוּז ²,,,,,,,
גוי,1,,,,,,,,
גוס,1,גּוּס,גּוּס ²,,,,,,
גוף,1,גּוּף,,,,,,,
גור,1,גּוּר II,גּוּר,,,,,,
גזז,1,גְּזַז,,,,,,,
גזי,1,גְּזֵי,,,,,,,
גזל,1,גְּזַל I,,,,,,,
גזם,1,גְּזַם,,,,,,,
גזף,1,*גזף,,,,,,,
גזר,1,גְּזַר,,,,,,,
גחן,1,גְּחַן,,,,,,,
גלד,1,גְּלַד,,,,,,,
גלח,1,גְּלַח,,,,,,,
גלי,1,גְּלֵי,,,,גֱּלֵי,גְּלָא,,
גלף,1,גְּלַף I,,,,,,,
גמד,1,גְּמַד,,,,,,,
גמי,1,גְּמִי I,,,,,,,
גמם,1,גְּמַם,,,,,,,
גמע,1,,,,,,,,
גמר,1,גְּמַר I,גְּמַר II,,,,,,
גמשׁ,1,גְּמַשׁ,,,,,,,
גנב,1,גְּנַב,,,,,,,
גנז,1,גְּנַז,,,,,,,
גנח,1,גְּנַח I,,,,,,,
גני,1,גְּנֵי,,,,,,,
גנן,1,גְּנַן,,,,,,,
גער,1,גְּעַר,,,,,,,
גרב,1,גְּרַב,,,,,,,
גרד,1,גְּרַד,,,,,,,
גרי,1,גְּרִי,,,,,,,
גרם,1,גְּרַם I,גְּרַם II,,,,,,
גרס,1,גְּרַס I,גְּרַס II,,,,,,
גרע,1,גְּרַע,,,,,,,
גרף,1,גְּרַף,,,,,,,
גרר,1,גְּרַר,,,,,,,
גרשׁ,1,גְּרַשׁ I,*גְּרַשׁ II,,,,,,
גשׁף,1,נְשַׁף,,,,גשף,,,
גשׁשׁ,1,גְּשַׁשׁ,,,,,,,
דאג,0,דָּאַג,,,,,,,
דאי,1,,,,,,,,
דבב,1,דְּבַב I,,,,,,,
דבי,1,*דְּבִי,,,,,,,
דבק,1,דְּבֵק,,,,,,,
דבר,1,דְּבַר,,,,,,,
דגן,1,דְּגַן,,,,,,,
דגר,1,דְּגַר I,*דְּגַר II,,,,,,
דדי,1,דדי ²,,,,,,,
דהן,1,דְּהַן I,,,,,,,
דוב,1,דּוּב,,,,,,,
דוי,1,דוי ³,דוי ²,,,,,,
דוך,1,דּוּךְ,,,,,,,
דול,1,דּוּל,,,,,,,
דון,1,דִּין,,,,דּוּן,,,
דוץ,1,דּוּץ,דּוּץ II,,,,,,
דוק,1,דּוּק,,,,,,,
דור,1,דּוּר,,,,,,,
דושׁ,1,דּוּשׁ ²,,,,,,,
דות,1,,,,,,,,
דחי,1,דְּחִי,,,,,,,
דחל,1,דּחֵיל,,,,דְּחַל,,,
דחס,1,דְּחַס,,,,,,,
דחף,1,דְּחַף,,,,,,,
דחק,1,דְּחַק I,,,,,,,
דיין,1,דִּין,,,,,,,
דכי,1,דְּכִי,,,,,,,
דכר,1,דְּכַר I,,,,,,,
דלג,1,דְּלַג,,,,,,,
דלי,1,דְּלֵי,,,,,,,
דלל,1,דְּלַל,,,,,,,
דלף,1,דְּלַף,,,,,,,
דלק,1,דְּלַק,,,,,,,
דמי,1,דְּמֵי I,,,,,,,
דמך,1,דְּמַךְ,,,,,,,
דמע,1,דְּמַע,,,,,,,
דנח,1,דְּנַח,,,,,,,
דעץ,1,דּעַץ,,,,,,,
דפן,1,דְּפַן,,,,,,,
דצי,1,דְּצֵי,,,,,,,
דקק,1,דְּקַק,,,,,,,
דקר,1,דְּקַר,,,,,,,
דרי,1,דְּרֵי I,דְּרֵי II,,,,,,
דרך,1,דְּרַךְ,,,,,,,
דרם,1,דְּרַם,,,,,,,
דרס,1,דְּרַס,,,,,,,
דרשׁ,1,דְּרַשׁ,,,,,,,
דשׁשׁ,1,דְּשַׁשׁ,,,,,,,
הגי,1,הגי ²,,,,,,,
הדי,1,,,,,,,,
הדם,1,הֲדַם,,,,,,,
הדק,1,הֲדַק,,,,,,,
הדר,1,הֲדַר,,,,,,,
הוי,1,הֲוֵי,,,,,,,
היי,1,,,,,,,,
הלך,1,הֲלַךְ,,,,,,,
הלם,0,הָלַם,,,,,,,
הני,1,הֲנִי,,,,,,,
הפך,1,הֲפַךְ,,,,,,,
זבח,0,זָבַח,,,,,,,
זבל,1,זְבַל,,,,,,,
זבן,1,זְבַן,,,,,,,
זגג,1,זְגֵי,,,,,,,
זגי,1,זְגֵי,,,,זְגָא,,,
זהם,1,זְהַם,,,,,,,
זהר,1,זְהַר,,,,,,,
זוג,1,זְוַג,,,,,,,
זוד,1,זְוַד,,,,,,,
זוז,1,זוּז,,,,,,,
זוח,1,זוּחַ,זוּחַ ²,,,,,,
זון,1,זוּן I,זוּן II,,,,,,
זוע,1,זוּעַ ²,,,,,,,
זוק,1,זוק,,,,,,,
זור,1,זוּר,,,,,,,
זכי,1,זְכֵי,,,,,,,
זלח,1,זְלַח,,,,,,,
זלל,1,זְלַל,,,,,,,
זלף,1,זְלַף,,,,,,,
זמם,1,זְמַם,*זְמַם III,,,,,,
זמן,1,זְמַן I,,,,,,,
זמר,1,זְמַר,זְמַר ²,,,,,,
זני,1,זְנֵי,,,,,,,
זעק,1,זְעַק,,,,,,,
זקן,1,זְקַן,,,,,,,
זקף,1,זְקַף,,,,,,,
זקק,1,זְקַק,,,,,,,
זקר,1,זְקַר,,,,,,,
זרד,0,זָרַד,,,,,,,
זרז,1,זְרַז I,,,,,,,
זרע,1,זְרַע I,,,,,,,
זרף,1,זְרַף,,,,,,,
זרק,1,זְרַק,,,,,,,
חבב,1,חֲבַב,,,,,,,
חבט,1,חֲבַט,,,,,,,
חבי,1,חֲבֵי,,,,,,,
חבל,1,חֲבַל I,,,,,,,
חבס,1,חָבַס,,,,,,,
חבק,1,חֲבַק,,,,,,,
חבר,1,חֲבַר,,,,,,,
חבשׁ,1,חֲבַשׁ,,,,,,,
חגג,1,חֲגַג,,,,,,,
חדד,1,חֲדַד,,,,,,,
חדי,1,חֲדֵי,,,,,,,
חדק,1,חֲדַק,,,,,,,
חדר,1,חֲדַר,,,,,,,
חדש,0,חָדַשׁ,,,,,,,
חדת,1,חַדִּת,,,,,,,
חוב,1,חוּב ²,,,,,,,
חוח,1,,,,,,,,
חוט,1,חוּט,חוּט II,,,,,,
חוי,1,חוי ²,,,,,,,
חוך,1,חוּךְ I,חוּךְ II,,,,,,
חול,1,חוּל ³,חוּל ²,,,,,,
חוס,1,חוּס ²,,,,,,,
חוץ,1,חוּץ,,,,,,,
חור,1,חֲוַר,חוּר I,,,,,,
חזי,1,חֲזִי,,,,,,,
חזק,1,חֲזַק,,,,,,,
חזר,1,חֲזַר,,,,,,,
חטט,1,חֲטַט I,חֲטַט II,,,,,,
חטי,1,חֲטִי,חֲטִי ²,,,,,,
חטף,1,חֲטַף,,,,,,,
חטר,1,חֲטַר,,,,,,,
חיי,1,חֲיִי,,,,,,,
חיל,1,חִיל,,,,,,,
חכך,1,חֲכַךְ,,,,,,,
חכם,1,חֲכַם,,,,,,,
חכן,1,,,,,,,,
חכר,1,חֲכַר,,,,,,,
חלב,1,חֲלָב,,,,,,,
חלד,1,חֲלַד,,,,,,,
חלז,1,חֲלַז,,,,,,,
חלט,1,חֲלַט,חֲלַט ²,,,,,,
חלי,1,חֲלִי,,,,,,,
חלל,1,חֲלַל I,חֲלַל II,,,,,,
חלם,1,חֲלַם,חֲלַם ²,,,,,,
חלף,1,חֲלַף I,,,,,,,
חלץ,1,חֲלַץ,,,,,,,
חלק,1,,,,,,,,
חלשׁ,1,חֲלַשׁ,,,,,,,
חמד,1,חֲמַד,,,,,,,
חמט,1,חֲמַט II,חֲמַט I,,,,,,
חמי,1,חֲמִי,,,,,,,
חמם,1,חֲמַם,,,,,,,
חמס,1,חֲמַס,,,,,,,
חמע,1,חֲמַע I,,,,,,,
חמץ,1,חֲמַץ,,,,,,,
חמר,1,חֲמַר,חֲמַר ²,,,,,,
חנט,1,חֲנַט,,,,,,,
חנך,1,חֲנַךְ,,,,,,,
חנן,1,חֲנַן,,,,,,,
חנף,1,חֲנֵף,,,,,,,
חנק,1,חֲנַק,,,,,,,
חסם,1,חֲסַם,חֲסַם ²,,,,,,
חסן,1,חֲסַן I,חֲסַן II,,,,,,
חסר,1,חֲסַר,,,,,,,
חפי,1,חֲפֵי,,,,,,,
חפן,1,חֲפַן,,,,,,,
חפף,1,חֲפַף,חֲפַף ²,,,,,,
חפר,1,חֲפַר II,חֲפַר I,,,,,,
חפשׂ,1,חֲפַשׂ,,,,,,,
חצב,1,חֲצַב,,,,,,,
חצד,1,חֲצַד I,,,,,,,
חצף,1,חֲצַף,,,,,,,
חצץ,1,חֲצַץ,,,,,,,
חקק,1,חֲקַק,,,,,,,
חקר,1,חֲקַר,,,,,,,
חרב,1,חֲרֵב,,,,,,,
חרד,0,חָרֵד,,,,,,,
חרז,1,חֲרַז,,,,,,,
חרט,1,חֲרַט,,,,,,,
חרי,1,חֲרֵי,,,,,,,
חרך,1,חֲרַךְ,,,,,,,
חרם,1,חֲרַם,,,,,,,
חרף,1,חֲרַף,,,,,,,
חרץ,1,חֲרַץ,,,,,,,
חרק,1,חֲרַק,,,,,,,
חרר,1,חֲרַר,חֲרַר ²,חֲרַר ³,חֲרַר ⁴,,,,
חרשׁ,1,חֲרַשׁ,,,,,,,
חשב,1,חֲשֵׁב,,,,,,,
חשד,1,חֲשַׁד,,,,,,,
חשך,1,חֲשַׁךְ,חֲשַׂךְ,,,,,,
חשל,1,חֲשַׁל,חֲשַׂל,,,,,,
חשר,1,חֲשַׁר,,,,,,,
חשש,1,חֲשַׁשׁ,,,,,,,
חתי,1,חֲתֵי,חֲתִי,,,,,,
חתך,1,חֲתַךְ,,,,,,,
חתם,1,חֲתַם,,,,,,,
חתן,1,חֲתַן,,,,,,,
חתר,1,חֲתַר,,,,,,,
טבח,1,טְבַח,,,,,,,
טבי,1,,,,,,,,
טבל,1,טְבַל,טְבַל ²,,,,,,
טבע,1,טְבַע,טְבַע ²,,,,,,
טגן,1,,,,,,,,
טהר,1,טְהֵר,,,,,,,
טוב,1,טוֹב,,,,,,,
טוט,1,טוֹט,,,,,,,
טוי,1,טְוִי I,טְוִי II,,,,,,
טוס,1,טוּס ²,,,,,,,
טוף,1,טוּף,,,,,,,
טחי,1,טְחִי,,,,,,,
טחן,1,טְחַן,,,,,,,
טחר,1,טְחַר,,,,,,,
טלי,1,טְלֵי,,,,,,,
טלל,1,טְלַל I,טְלַל II,,,,,,
טלע,1,טְלַע I,טְלַע II,,,,,,
טמי,1,טְמִי,,,,,,,
טמם,1,טְמַם,,,,,,,
טמן,1,טְמַן,,,,,,,
טמע,1,טְמַע,,,,,,,
טמר,1,טְמַר,,,,,,,
טמשׁ,1,טְמַשׁ,,,,,,,
טנן,1,טְנַן,,,,,,,
טנף,1,טְנַף,,,,,,,
טעי,1,טְעֵי,,,,,,,
טעם,1,טְעַם,,,,,,,
טען,1,טְעַן,טְעַן ²,טְעַן III,,,,,
טפח,1,טְפַח,,,,,,,
טפי,1,טְפֵי,טְפֵי ²,טְפֵי ³,*טְפֵי,,,,
טפל,1,טְפַל,,,,,,,
טפף,1,טְפַף,,,,,,,
טפשׁ,1,טְפֵשׁ,,,,,,,
טרד,1,טְרַד I,טְרַד II,,,,,,
טרח,1,טְרַח I,,,,,,,
טרי,1,טְרִי,,,,,,,
טרס,1,*טְרַס,,,,,,,
טרף,1,טְרַף I,,,,,,,
טרק,1,טְרַק I,טְרַק II,,,,,,
טרשׁ,1,טְרַשׁ I,טְרַשׁ II,,,,,,
טשׁי,1,טְשֵׁי,,,,,,,
יאשׁ,1,יְאַשׁ,,,,,,,
יבב,1,יְבַב,,,,,,,
יבל,1,יְבַל,,,,,,,
יבם,1,יַבֵּם,,,,,,,
יבשׁ,1,יְבֵשׁ,,,,,,,
ידי,1,יְדִי,,,,,,,
ידע,1,יְדַע,,,,,,,
יהב,1,יְהַב,,,,,,,
יהי,1,יְהִי,,,,,,,
יהר,1,יְהַר,,,,,,,
יזף,1,יִזַף,,,,,,,
יחד,1,יְחַד,,,,,,,
יחס,1,יְחַס,,,,,,,
יכח,1,,,,,,,,
יכל,1,יְכִיל,,,,,,,
ילד,1,יְלֵד,,,,,,,
ילל,1,יְלֵל,,,,,,,
ילף,1,יְלֵף,,,,,,,
ימי,1,יְמֵי,,,,,,,
ימן,1,יְמַן,,,,,,,
יני,1,יְנִי I,יְנִי II,,,,,,
ינק,1,יְנַק,,,,,,,
יסף,1,יְסַף,,,,,,,
יעד,1,יְעַד,,,,,,,
יעץ,1,יְעַץ,,,,,,,
יקד,1,יְקַד,,,,,,,
יקר,1,יְקַר,,,,,,,
ירי,1,ירי ²,,,,,,,
ירק,1,יְרַק,יְרַק ²,,,,,,
ירת,1,יְרֵת,,,,,,,
יתב,1,יתֵב,יְתֵב II,,,,,,
יתי,1,אֲתָא,,,,יֵתֵי,,,
יתר,1,יְתַר,,,,,,,
כאב,1,כְּאֵב I,,,,,,,
כבב,1,*כְּבַב,,,,,,,
כבד,1,כְּבַד,,,,,,,
כבי,1,כְּבִי,,,,,,,
כבשׁ,1,כְּבַשׁ,,,,,,,
כהי,1,כְּהִי,,,,,,,
כוי,1,כְּוִי,,,,,,,
כול,1,כּוּל ²,,,,,,,
כון,1,כּוּן ²,,,,,,,
כוץ,1,כְּוֵץ,,,,,,,
כזז,1,*כְּזַז,,,,,,,
כחל,1,כְּחַל I,,,,,,,
כחשׁ,1,כְּחַשׁ,,,,,,,
כלי,1,כְּלֵי,כְּלֵי ²,,,,,,
כלל,1,כְּלַל,,,,,,,
כלם,1,כְּלַם,,,,,,,
כמן,1,כְּמַן,,,,,,,
כמר,1,כְּמַר,,,,,,,
כמשׁ,1,כְּמַשׁ,,,,,,,
כני,1,כני ²,,,,,,,
כנס,1,כְּנַס,,,,,,,
כנע,1,כְּנַע,,,,,,,
כנף,1,כְּנַף I,,,,,,,
כנשׁ,1,כְּנַשׁ,,,,,,,
כסח,1,כְּסַח,,,,,,,
כסי,1,כְּסֵי ²,כְּסֵי,,,,,,
כסס,1,כְּסַס,,,,,,,
כסף,1,כְּסַף I,,,,,,,
כפי,1,כְּפִי,,,,,,,
כפל,1,כְּפַל,,,,,,,
כפן,1,כְּפַן I,,,,,,,
כפף,1,כְּפַף,,,,,,,
כפר,1,כְּפַר,,,,,,,
כפת,1,כְּפַת,,,,,,,
כרב,1,*כְּרַב I,כְּרַב II,,,,,,
כרז,1,כְּרַז,,,,,,,
כרי,1,כְּרֵי,,,,,,,
כרך,1,כְּרַךְ I,,,,,,,
כרס,1,*כרס,,,,,,,
כרע,1,כְּרַע,,,,,,,
כרת,1,כְּרַת,,,,,,,
כשׁט,1,*כְּשַּׁט,,,,,,,
כשׁל,1,כְּשַׁל,,,,,,,
כשׁר,1,כְּשַׁר,,,,,,,
כתב,1,כְּתַב I,,,,,,,
כתף,1,כְּתַף,,,,,,,
כתשׁ,1,כְּתַשׁ,,,,,,,
כתת,1,כְּתַת,,,,,,,
לבי,1,לְבֵי,,,,,,,
לבן,1,לְבַן,,,,,,,
לבשׁ,1,לְבֵשׁ,,,,,,,
לגס,1,*לגס,,,,,,,
לוג,1,,,,,,,,
לוט,1,לוּט ²,,,,,,,
לוי,1,לְוִי,,,,,,,
לושׁ,1,לוּשׁ ²,,,,,,,
לחך,1,לְחַךְ,,,,,,,
לחשׁ,1,לְחַשׁ,,,,,,,
לטי,1,לְטִי,,,,,,,
לכך,1,לְכַךְ,,,,,,,
לפף,1,לְפַף,,,,,,,
לפת,1,לָפַת,,,,,,,
לצן,0,לוּץ,,,,,,,
לקח,1,*לְקַח,,,,,,,
לקט,1,לְקַט,,,,,,,
לקי,1,לְקִי,,,,,,,
לשׁן,1,לְשַׁן,,,,,,,
לתת,1,לְתַת,,,,,,,
מאס,1,מְאַס,,,,,,,
מגר,1,מְגַר,,,,,,,
מהל,1,מְהַל I,מְהַל II,,,,,,
מוח,1,מְחִי,,,,,,,
מור,1,מוּר I,,,,,,,
מושׁ,1,מוּשׁ ²,,,,,,,
מות,1,מוּת,,,,,,,
מזג,1,מְזַג,,,,,,,
מחח,1,מְחִי,,,,,,,
מחי,1,מְחִי,מְחִי ²,מָחִי,,,,,
מחל,1,מְחַל,,,,,,,
מחק,1,מְחַק,,,,,,,
מטי,1,מְטֵי,,,,,,,
מכך,1,מְכַךְ,,,,,,,
מלח,1,מְלַח I,מְלַח II,,,,,,
מלי,1,מְלֵי,מַלֵּי,,,,,,
מלך,1,מְלַךְ,,,,,,,
מלל,1,מְלַל I,מְלַל II,,,,,,
מני,1,מְנֵי,,,,,,,
מנע,1,מְנַע,,,,,,,
מסי,1,מַסֵּי,מְסֵי,,,,,,
מסס,1,מְסַס,,,,,,,
מסר,1,מְסַר,מְסַר II,,,,,,
מעט,1,מְעַט I,,,,,,,
מעל,1,מְעַל,,,,,,,
מצי,1,מְצִי I,מְצִי II,,,,,,
מצע,1,מְצַע,,,,,,,
מצץ,1,מְצַּץ,,,,,,,
מצר,1,מְצַר,מְצַר ²,,,,,,
מרד,1,מְרַד,,,,,,,
מרח,1,מְרַח I,מְרַח II,,,,,,
מרט,1,מְרַט I,,,,,,,
מרי,1,מְרֵי,,,,,,,
מרס,1,מְרַס,,,,,,,
מרע,1,מְרַע I,,,,,,,
מרק,1,מְרַק,,,,,,,
מרר,1,מְרַר,,,,,,,
משׁח,1,מְשַׁח,מְשַׁח ²,,,,,,
משׁי,1,מְשֵׁי,,,,,,,
משׁך,1,מְשַׁךְ I,,,,,,,
משׁשׁ,1,מְשַׁשׁ I,,,,,,,
מתח,1,מְתַח,,,,,,,
מתל,1,מְתַל I,,,,,,,
מתן,1,מְתַן,,,,,,,
מתק,1,מְתַק,,,,,,,
נאר,1,,,,,,,,
נבג,1,נְבַג,,,,,,,
נבח,1,נְבַח,,,,,,,
נבט,1,נְבַט,,,,,,,
נבי,1,נְבֵי,,,,,,,
נבל,1,נְבֵל,,,,,,,
נבע,1,נְבַע,,,,,,,
נגב,1,נְגֵב,,,,,,,
נגד,1,נְגַד,,,,,,,
נגח,1,נְגַח,,,,,,,
נגע,1,נְגַע,,,,,,,
נדב,1,נְדַב,,,,,,,
נדי,1,נְדֵי II,,,,,,,
נדר,1,נְדַר I,נְדַר II,,,,,,
נהג,1,נְהַג,,,,,,,
נהל,1,נְהַל,,,,,,,
נהם,1,נְהַם,,,,,,,
נהר,1,נְהַר I,,,,,,,
נוד,1,נוּד ²,,,,,,,
נוח,1,נוּחַ ²,,,,,,,
נול,1,נְוַול,נְוַול ²,,,,,,
נום,1,נוּם I,,,,,,,
נוס,1,נוּס ²,,,,,,,
נוף,1,נוּף ²,,,,,,,
נזח,0,נָזַח,,,,,,,
נזף,1,נְזַף,,,,,,,
נזק,1,נְזַק,,,,,,,
נזר,1,נְזַר,,,,,,,
נחם,1,נְחַם,,,,,,,
נחר,1,נְחַר,,,,,,,
נחשׁ,1,נְחַשׁ II,,,,,,,
נחת,1,נְחַת,,,,,,,
נטי,1,נְטֵי,,,,,,,
נטל,1,נְטַל,,,,,,,
נטע,0,נָטַע,,,,,,,
נטף,1,נְטַף,,,,,,,
נטר,1,נְטַר,,,,,,,
ניר,1,נִיר,,,,,,,
נכי,1,נְכֵי,,,,,,,
נכל,1,נְכֵל,,,,,,,
נכס,1,נְכַס,,,,,,,
נכר,1,נְכַר,,,,,,,
נכש,1,נְכַשׁ,,,,,,,
נכת,1,נְכַת,,,,,,,
נסב,1,נְסַב,,,,,,,
נסח,1,נְסַח,,,,,,,
נסי,1,נְסֵי,,,,,,,
נסך,1,נְסַךְ,,,,,,,
נסס,1,נְסַס,,,,,,,
נסר,1,נְסַר,,,,,,,
נעל,1,נְעַל,,,,,,,
נער,1,נְעַר,,,,,,,
נפח,1,נְפַח,,,,,,,
נפי,1,נְפֵי,,,,,,,
נפל,1,נְפַל,,,,,,,
נפס,1,,,,,,,,
נפף,1,נְפַף,,,,,,,
נפץ,1,נְפַץ,,,,,,,
נפק,1,נְפַק,,,,,,,
נפשׁ,1,נְפֵשׁ,,,,,,,
נצי,1,נְצֵי,,,,,,,
נצל,1,נְצַל,,,,,,,
נצף,1,נְצַף,,,,,,,
נצץ,1,נְצַץ,,,,,,,
נצר,1,נְצַר,,,,,,,
נקב,1,נְקַב,,,,,,,
נקד,1,נְקַד,,,,,,,
נקט,1,נְקַט,,,,,,,
נקי,1,נְקֵי,,,,,,,
נקם,1,נְקַם,,,,,,,
נקף,1,נְקַף,נְקַף ²,,,,,,
נקר,1,נְקַר,נְקַר ²,,,,,,
נקשׁ,1,נְקַשׁ,,,,,,,
נשׁב,1,נְשַׁב,,,,,,,
נשׁט,1,נְשַׁט,,,,,,,
נשׁי,1,נְשֵׁי,,,,,,,
נשׁף,1,נְשַׁף I,נְשַׁף II,,,,,,
נשׁק,1,נְשַׁק,,,,,,,
נשׁר,1,נְשַׁר I,,,,,,,
נתב,1,נְתַב,,,,,,,
נתח,1,נְתַח,,,,,,,
נתן,1,נְתַן,,,,,,,
נתק,1,נְתַק,,,,,,,
נתר,1,נְתַר,,,,,,,
סאב,1,סְאֵב I,סְאֵב II,,,,,,
סבך,1,סְבַךְ,,,,,,,
סבל,1,סְבַל,,,,,,,
סבע,1,סְבַע,,,,,,,
סבר,1,סְבַר,סְבַר II,סְבַר III,,,,,
סגד,1,סְגַד,,,,,,,
סגי,1,סְגֵי,סְגֵי ²,,,,,,
סגר,1,סְגַר,,,,,,,
סדק,1,סְדַק,,,,,,,
סדר,1,סְדַר,,,,,,,
סהד,1,סְהֵד,,,,,,,
סוט,1,סוּט ²,,,,,,,
סוי,1,*סְוֵי,,,,,,,
סוך,1,סוּךְ ²,,,,,,,
סום,1,סוּם,סוּם ²,,,,,,
סור,1,סוּר,,,,,,,
סחט,1,סְחַט,,,,,,,
סחי,1,סְחֵי,,,,,,,
סחף,1,סְחַף I,סְחַף II,,,,,,
סחר,1,סְחַר,,,,,,,
סטי,1,סְטֵי,,,,,,,
סטם,1,סְטַם,,,,,,,
סטן,1,סְטַן,,,,,,,
סטר,1,סְטַר I,,,,,,,
סיד,1,סוּד ²,,,,,,,
סכי,1,סְכֵי,,,,,,,
סכך,1,סְכַךְ,,,,,,,
סכל,1,סְכַל,סְכַל ²,,,,,,
סכם,1,סְכַם,,,,,,,
סכן,1,סְכַן,סְכֵן,,,,,,
סכר,1,סְכַר I,סְכַר II,,,,,,
סלק,1,סְלַק,סְלֵק,,,,,,
סלת,1,סְלַת,,,,,,,
סמי,1,סְמֵי,,,,,,,
סמך,1,סְמַךְ I,,,,,,,
סמס,1,סמס,,,,,,,
סמק,1,סְמֵק,,,,,,,
סמר,1,סְמַר I,סְמַר II,,,,,,
סני,1,סְנֵי,,,,,,,
סנף,0,סָנַף,סנף,,,,,,
סעד,1,סְעַד,,,,,,,
סער,1,סְעַר,סְעַר ²,,,,,,
ספג,0,סָפַג,,,,,,,
ספד,1,סְפַד,,,,,,,
ספי,1,סְפֵי,,,,,,,
ספק,1,סְפַק,סְפַק ²,,,,,,
ספר,1,סְפַר,,,,,,,
ספת,1,סְפֵי,,,,,,,
סקב,1,סְקַב,,,,,,,
סקל,1,סְקַל I,,,,,,,
סקר,1,סְקַר I,סְקַר II,,,,,,
סרב,1,סְרַב I,סְרַב II,,,,,,
סרג,1,סְרַג,,,,,,,
סרח,1,סְרַח,סְרַח ²,סְרַח ³,,,,,
סרט,1,סְרַט,,,,,,,
סרי,1,סְרֵי II,,,,,,,
סרך,1,סְרַךְ I,סְרַךְ II,,,,,,
סרס,1,סְרַס,,,,,,,
סרק,1,סְרַק,,,,,,,
סתם,1,סְתַם,,,,,,,
סתר,1,סְתַר,סְתַר ²,,,,,,
עבד,1,עֲבַד I,,,,,,,
עבט,1,עֲבַט,,,,,,,
עבר,1,עֲבַר,,,,,,,
עגל,1,עֲגַל I,,,,,,,
עגן,1,עֲגַן,,,,,,,
עדי,1,עֲדֵי,עֲדֵי ²,,,,,,
עדף,1,עֲדַף,,,,,,,
עוז,1,עוּז,,,,,,,
עוי,1,עֲוֵי I,עֲוֵי II,,,,,,
עוץ,1,עוּץ,,,,,,,
עוק,1,עוּק,עוּק ²,,,,,,
עור,1,עוּר,עַוֵּר,,,,,,
עות,1,*עוּת,עֲוַת,,,,,,
עזל,1,עֲזַל,,,,,,,
עזק,1,עֲזָק,,,,,,,
עטף,1,עֲטַף I,*עֲטַף II,,,,,,
עטר,1,עַטַר II,עֲטַר III,,,,,,
עכב,1,עֲכַב,,,,,,,
עכל,1,עֲכַל,,,,,,,
עכר,1,עֲכַר,,,,,,,
עלי,1,עֲלֵי,,,,,,,
עלל,1,עֲלַל I,,,,,,,
עלם,1,עֲלֵם,,,,,,,
עלף,1,עֲלַף,,,,,,,
עמד,1,*עֲמַד,,,,,,,
עמי,1,עֲמֵי,,,,,,,
עמל,1,עֲמַל I,,,,,,,
עמץ,1,עֲמַץ,,,,,,,
עמק,1,עֲמַק,,,,,,,
ענב,1,עֲנַב,,,,,,,
ענג,1,עֲנַג,,,,,,,
עני,1,עֲנֵי,עֲנֵי ²,,,,,,
ענש,1,עֲנַשׁ,,,,,,,
עסי,1,עֲסֵי,,,,,,,
עסק,1,עֲסֵק,,,,,,,
עפף,1,עֲפַף,,,,,,,
עפץ,1,עֲפַץ,,,,,,,
עפשׁ,1,עֲפַשׁ,,,,,,,
עצב,1,עֲצַב,,,,,,,
עצל,1,עֲצַל,,,,,,,
עצר,1,עֲצַר,,,,,,,
עקב,1,עֲקַב,,,,,,,
עקם,1,עֲקַם,,,,,,,
עקס,1,עֲקַס,,,,,,,
עקץ,1,עֲקַץ,,,,,,,
עקר,1,עֲקַר I,עֲקַר II,,,,,,
ערב,1,עֲרַב,עֲרַב ²,,,,,,
ערי,1,עֲרֵי,,,,,,,
ערך,1,עֲרַךְ,,,,,,,
ערם,1,עֲרַם,,,,,,,
ערף,1,עֲרַף,,,,,,,
ערק,1,עֲרַק,,,,,,,
עשׂי,1,עֲשֵׂי,,,,,,,
עשׁף,1,,,,,,,,
עשׁק,1,עֲשַׁק,,,,,,,
עשׁר,1,עֲשַׁר,עֲשַׂר II,,,,,,
עתר,1,עֲתַר,,,,,,,
פגל,1,פְּגַל,,,,,,,
פגם,1,פְּגַם,,,,,,,
פגע,1,פְּגַע I,,,,,,,
פגר,1,פְּגַר I,פְּגַר II,,,,,,
פדי,1,פְּדֵי,,,,,,,
פדע,1,פְּדַע I,,,,,,,
פוג,1,פּוּג ²,,,,,,,
פוח,1,פּוּחַ ²,,,,,,,
פול,1,נְפַל,,,,,,,
פושׁ,1,פּוּשׁ ²,,,,,,,
פחד,1,פְּחַד,,,,,,,
פחז,0,פָּחַז,,,,,,,
פחי,1,פְּחֵי,,,,,,,
פחת,1,פְּחַת,,,,,,,
פטי,1,פְּטֵי,,,,,,,
פטם,1,פְּטַם,,,,,,,
פטר,1,פְּטַר,,,,,,,
פיס,1,פִּיס ²,,,,,,,
פכח,1,פְּכַח,,,,,,,
פכר,1,פְּכַר,,,,,,,
פלג,1,פְּלַג I,,,,,,,
פלח,1,פְּלַח,,,,,,,
פלט,1,פְּלַט,,,,,,,
פלי,1,פְּלֵי,,,,,,,
פלך,1,פְּלַךְ,,,,,,,
פלס,1,פְּלַס,,,,,,,
פלק,1,*פְּלַק,,,,,,,
פני,1,פְּנֵי I,,,,,,,
פנק,1,פְּנַק,,,,,,,
פסד,1,פְּסַד,,,,,,,
פסח,1,פסח,,,,,,,
פסי,1,פְּסֵי,פְּסֵי ²,,,,,,
פסל,1,פְּסַל,,,,,,,
פסס,1,פְּסַס,,,,,,,
פסע,1,פְּסַע,,,,,,,
פסק,1,פְּסַק,,,,,,,
פעי,1,פְּעֵי,,,,,,,
פער,1,פְּעַר,,,,,,,
פצח,1,פְּצַח,,,,,,,
פצי,1,פְּצֵי,,,,,,,
פצל,1,פְּצַל,,,,,,,
פצע,1,פְּצַע,,,,,,,
פקד,1,פְּקַד,,,,,,,
פקח,1,פְּקַח I,,,,,,,
פקי,1,,,,,,,,
פקס,1,פְּקַס,,,,,,,
פקע,1,פְּקַע,,,,,,,
פקר,1,פְּקַר,,,,,,,
פרד,1,פְּרַד,,,,,,,
פרח,1,פְּרַח I,,,,,,,
פרט,1,פְּרַט,,,,,,,
פרי,1,פְּרֵי,,,,,,,
פרך,1,פְּרַךְ I,פְּרַךְ II,,,,,,
פרם,1,פְּרַם,,,,,,,
פרס,1,פְּרַס I,,,,,,,
פרע,1,פְּרַע I,פְּרַע II,,,,,,
פרץ,1,פְּרַץ,,,,,,,
פרק,1,פְּרַק,,,,,,,
פרר,1,פְּרַר,,,,,,,
פרשׂ,1,פְּרַס I,,,,,,,
פרשׁ,1,פְּרַשׁ,,,,,,,
פרת,1,פְּרַת I,,,,,,,
פשׁח,1,פְּשַׁח,,,,,,,
פשׁט,1,פְּשַׁט,,,,,,,
פשׁי,1,פּוּשׁ,,,,,,,
פשׁל,0,פָּשַׁל,,,,,,,
פשע,1,פְּשַׁע,,,,,,,
פשר,1,פְּשַׁר I,,,,,,,
פתח,1,פְּתַח,,,,,,,
פתי,1,פְּתֵי I,,,,,,,
פתך,1,פְּתַךְ,,,,,,,
פתק,1,פְּתַק I,פְּתַק II,,,,,,
פתר,1,פְּתַר I,,,,,,,
פתת,1,*פְּתַת,,,,,,,
צבי,1,צְבֵי,,,,,,,
צבע,1,צְבַע,צְבַע ²,,,,,,
צבת,1,צְבַת,,,,,,,
צדד,1,צְדַד,,,,,,,
צדק,1,צְדַק,,,,,,,
צהל,1,צְהַל,,,,,,,
צהר,1,צְהַר,,,,,,,
צוב,1,נְצַב,,,,,,,
צוד,1,צוּד ²,,,,,,,
צוח,1,צְיַוח,,,,,,,
צוי,1,צְוֵי I,צְוֵי II,,,,,,
צוץ,1,צְוַץ,צִיץ,,,צוּץ ²,,,
צור,1,צוּר,,,,,,,
צות,1,צוּת ²,צְוַת,,,,,,
צלב,1,צְלַב,,,,,,,
צלח,1,צְלַח,,,,,,,
צלי,1,צְלֵי,צְלֵי ²,,,,,,
צלל,1,צְלַל,,,,,,,
צלם,1,צְלַם,,,,,,,
צלק,1,צְלַק,,,,,,,
צמד,1,צְמַד,,,,,,,
צמח,1,צְמַח,,,,,,,
צמק,1,צְמַק,,,,,,,
צמר,1,צְמַר,,,,,,,
צמת,1,צְמַת,,,,,,,
צנן,1,צְנַן,,,,,,,
צנע,1,צְנַע,,,,,,,
צנף,1,צְנֵף,,,,,,,
צעק,1,צְעֵק,,,,,,,
צער,1,צְעֵר,,,,,,,
צפי,1,צְפֵי,,,,,,,
צרב,1,צְרַב,,,,,,,
צרי,1,צְרֵי I,צְרֵי II,,,,,,
צרך,1,צְרַךְ,,,,,,,
צרע,1,צְרַע,,,,,,,
צרף,1,צְרַף I,,,,,,,
צרר,1,צְרַר,צְרַר ²,,,,,,
צתת,1,צְתַת,,,,,,,
קבל,1,קְבַל,קְבַל ²,קְבַל III,,,,,
קבס,1,*קְבַס,,,,,,,
קבע,1,קְבַע,קְבַע ²,,,,,,
קבר,1,קְבַר,,,,,,,
קדד,1,קְדַד,,,,,,,
קדח,1,קְדַח,,,,,,,
קדי,1,*קְדֵי,,,,,,,
קדם,1,קְדַם,,,,,,,
קדר,1,קְדַר,קְדַר ²,,,,,,
קדשׁ,1,קְדַשׁ,,,,,,,
קהי,1,קְהֵי,,,,,,,
קוט,1,קוּט ²,,,,,,,
קוי,0,קוי,,,,,,,
קום,1,קוּם ²,,,,,,,
קטט,1,קְטַט,,,,,,,
קטי,1,קְטָא I,,,,,,,
קטל,1,קְטַל,,,,,,,
קטם,1,קְטַם I,קְטַם II,,,,,,
קטע,1,קְטַע,,,,,,,
קטף,1,קְטַף I,,,,,,,
קטר,1,קְטַר,קְטַר ²,,,,,,
קלד,1,קְלַד,,,,,,,
קלט,1,קְלַט,,,,,,,
קלי,1,קְלֵי,קְלֵי ²,,,,,,
קלל,1,קְלַל,,,,,,,
קלס,1,קְלַס,,,,,,,
קלע,1,קְלַע,קְלַע ²,,,,,,
קלף,1,קְלַף,,,,,,,
קלשׁ,1,קְלַשׁ,,,,,,,
קמח,1,קְמַח,,,,,,,
קמט,1,קְמַט,,,,,,,
קמע,1,קָמַע,,,,,,,
קמץ,1,קְמַץ,,,,,,,
קנב,1,קְנַב,,,,,,,
קנח,1,קְנַח,,,,,,,
קני,1,קְנֵי,קְנֵי ²,,,,,,
קנם,1,קְנַם,,,,,,,
קנס,1,קְנַס,,,,,,,
קסם,1,קְסַם I,,,,,,,
קפד,1,קְפַד,,,,,,,
קפח,1,קְפַח,,,,,,,
קפי,1,קְפֵי,,,,,,,
קפל,1,קְפַל,קְפַל ²,,,,,,
קפץ,1,קְפַץ,,,,,,,
קצי,1,קְצֵי,,,,,,,
קצע,1,קְצַע,,,,,,,
קצץ,1,קְצַץ,,,,,,,
קצר,1,קְצַר,,,,,,,
קרב,1,קְרֵב,,,,,,,
קרח,1,קְרַח I,,,,,,,
קרי,1,קְרֵי I,קְרֵי II,,,קְרִי,,,
קרם,1,קְרַם,,,,,,,
קרס,1,קְרַס,,,,,,,
קרע,1,קְרַע,,,,,,,
קרץ,1,קְרַץ I,קְרַץ II,,,,,,
קרר,1,קְרַר ²,קְרַר,,,,,,
קרשׁ,1,קְרַשׁ,,,,,,,
קשׁב,1,קְשַׁב,,,,,,,
קשׁט,1,קְשַׁט,,,,,,,
קשׁי,1,קְשֵׁי,,,,,,,
קשׁשׁ,1,קְשַׁשׁ II,,,,,,,
רבי,1,רְבֵי,*רְבֵי,רְבֵי ²,,,,,
רבל,1,רְבַל,,,,,,,
רבע,1,רְבַע,,,,,,,
רבץ,1,רְבַץ,,,,,,,
רגז,1,רְגַז I,,,,,,,
רגל,1,רְגַל,,,,,,,
רגם,1,רְגַם,,,,,,,
רגש,1,רְגַשׁ,,,,,,,
רדד,1,רְדַד,,,,,,,
רדי,1,רְדֵי,רְדֵי ²,רְדִי,,,,,
רדף,1,רְדַף,,,,,,,
רהט,1,רְהַט,,,,,,,
רוח,1,רְוַוח,,,,,,,
רוי,1,רְוֵי,,,,,,,
רום,1,רוּם ²,,,,,,,
רזי,1,רזֵי,,,,,,,
רזם,1,רזם,,,,,,,
רחם,1,רְחֵם,,,,,,,
רחץ,1,רְחֵץ,,,,,,,
רחק,1,רִחֵק,,,,,,,
רחשׁ,1,רְחַשׁ,,,,,,,
רטב,1,רְטַב I,,,,,,,
רטן,1,רְטַן,,,,,,,
ריח,1,רִיחַ ²,,,,,,,
ריק,1,רִיק,,,,,,,
רכב,1,רְכַב,,,,,,,
רכך,1,רְכַךְ,,,,,,,
רכן,1,רְכַן,רְכַן ²,,,,,,
רכס,1,רְכַס,,,,,,,
רמז,1,רְמַז,,,,,,,
רמי,1,רְמֵי,,,,,,,
רמס,1,,,,,,,,
רמץ,1,רְמַץ I,רְמַץ II,,,,,,
רנן,1,רְנַן,,,,,,,
רסס,1,רְסַס,,,,,,,
רעי,1,רְעֵי,רְעֵי ²,,,,,,
רעם,1,רְעַם I,רְעַם II,,,,,,
רעע,1,רְעַע,,,,,,,
רפט,1,רְפַט,,,,,,,
רפי,1,רְפֵי,,,,,,,
רפס,1,רְפַס,,,,,,,
רפק,1,רְפַק,,,,,,,
רפשׂ,1,רְפַשׂ I,,,,,,,
רפשׁ,1,*רְפַשׁ,,,,,,,
רפת,1,,,,,,,,
רצי,1,רְצֵי,,,,,,,
רצף,1,רְצַף,,,,,,,
רקב,1,רְקֵב,,,,,,,
רקד,1,רְקַד,,,,,,,
רקע,1,רְקַע,,,,,,,
רקק,1,רְקַק,,,,,,,
רשׁי,1,רְשֵׁי,,,,,,,
רשׁל,1,רְשֵׁל,,,,,,,
רשׁם,1,רְשַׁם I,,,,,,,
רשׁע,1,רְשַׁע I,,,,,,,
רתח,1,רְתַח,,,,,,,
רתע,1,רְתַע,,,,,,,
רתת,1,רְתֵת,,,,,,,
שׁאל,1,שְׁאַל,,,,,,,
שׁבב,1,,,,,,,,
שבח,1,שְׁבַח I,,,,,,,
שבט,1,שְׁבַט I,,,,,,,
שׁבי,1,שְׁבֵי,,,,,,,
שׁבע,1,שְׁבַע II,,,,,,,
שׂבע,1,שְׂבַע,,,,,,,
שׁבק,1,שְׁבַק,,,,,,,
שׁבשׁ,1,שְׁבַשׁ,,,,,,,
שׁבת,1,שְׁבַת,,,,,,,
שׁגח,1,שְׁגַח,,,,,,,
שׁגי,1,שְׁגֵי,,,,,,,
שׁגר,1,שְׁגַר I,שְׁגַר II,,,,,,
שׁגשׁ,1,שְׁגַשׁ,,,,,,,
שׂגשׂ,1,שְׂגַשׂ,,,,,,,
שׁדי,1,שְׁדֵי,,,,,,,
שׁדך,1,שְׁדַךְ,,,,,,,
שׁדל,1,שְׁדַל,,,,,,,
שׁדף,1,שְׁדַף,,,,,,,
שׁדר,1,שְׁדַר II,שְׁדַר I,,,,,,
שׁהי,1,שְׁהֵי,,,,,,,
שוב,1,,,,,,,,
שׁוט,1,שׁוּט,שׁוּט ³,שׁוּט ²,,,,,
שׁוי,1,שְׁוֵי,,,,,,,
שׁוך,1,שׁוֹךְ,,,,,,,
שׁול,1,,,,,,,,
שׂום,1,שׂוּם ²,,,,,,,
שׁום,1,שׁוּם,,,,,,,
שׁוע,1,שׁוּעַ ²,,,,,,,
שׁוף,1,שׁוּף ²,ש,,,,,,
שׁור,1,שְׁוַר,,,,,,,
שׁזר,1,שְׁזַר,,,,,,,
שׁחד,1,שְׁחַד,,,,,,,
שׁחט,1,שְׁחַט,,,,,,,
שׁחי,1,שְׁחֵי II,שְׁחֵי I,,,,,,
שׂחי,1,שְׂחֵי,,,,,,,
שׁחל,1,שְׁחַל,,,,,,,
שׁחן,1,שְׁחַן,,,,,,,
שׁחף,1,שְׁחַף I,שְׁחַף II,,,,,,
שׁחק,1,שְׁחַק,,,,,,,
שׁחר,1,שְׁחַר,שְׁחַר ²,שְׁחַר ³,שְׁחַר IV,,,,
שׁטח,1,שְׁטַח,,,,,,,
שׂטי,1,שְׂטֵי,,,,,,,
שׁטי,1,שְׁטֵי,,,,,,,
שׁטף,1,שְׁטֵף,,,,,,,
שׂטר,1,*שְׂטַר,,,,,,,
שׁטר,1,שְׁטַר,,,,,,,
שׁכב,1,שְׁכֵב,,,,,,,
שׁכח,1,שְׁכַח,שְׁכַח II,,,,,,
שׁכן,1,שְׁכַן,,,,,,,
שׁכר,1,שְׁכַר,,,,,,,
שׁלב,1,שְׁלַב,,,,,,,
שׁלח,1,שְׁלַח,,,,,,,
שׁלט,1,שְׁלַט,,,,,,,
שׁלי,1,שְׁלֵי ²,שְׁלֵי,,,,,,
שׁלל,0,שָׁלָל I,שָׁלָל II,,,,,,
שׁלם,1,שִׁלֵם,,,,,,,
שׁלף,1,שְׁלַף,,,,,,,
שׁלק,1,שְׁלַק,,,,,,,
שׁמד,1,שְׁמַד,,,,,,,
שׁמט,1,שְׁמַט,,,,,,,
שׁמי,1,,,,,,,,
שׁמן,1,שְׁמֵן,,,,,,,
שׁמע,1,שְׁמַע I,,,,,,,
שׁמר,1,שְׁמַר,,,,,,,
שׁמש,1,שְׁמַשׁ,,,,,,,
שׁמת,1,שְׁמַת,,,,,,,
שׁני,1,שְׁנֵי,,,,,,,
שׂני,1,שְׂנֵי,,,,,,,
שׁנץ,1,שְׁנַץ,,,,,,,
שׁנק,1,שְׁנַק,,,,,,,
שׁסי,1,שְׁסֵי,,,,,,,
שׁעי,1,שְׁעֵי,,,,,,,
שׁעל,1,,,,,,,,
שׁעע,1,שְׁעַע,,,,,,,
שׁער,1,שְׁעַר,,,,,,,
שׂער,1,שְׂעַר,,,,,,,
שׁפד,1,שְׁפַד,,,,,,,
שׁפי,1,שְׁפֵי,שְׁפֵי ²,שְׁפֵי ³,,,,,
שׁפך,1,שְׁפַךְ,,,,,,,
שׁפל,1,שְׁפַל,,,,,,,
שׁפע,1,שְׁפַע,,,,,,,
שׁפף,1,שְׁפַף,,,,,,,
שׁפץ,1,שְׁפַץ,,,,,,,
שׁפר,1,שְׁפַר,,,,,,,
שׁקד,1,שְׁקַד,,,,,,,
שׁקט,1,שְׁקַט,,,,,,,
שׁקי,1,שקי ²,,,,,,,
שׁקל,1,שְׁקַל,,,,,,,
שׁקע,1,שְׁקַע,,,,,,,
שׁקף,1,שְׁקַף,,,,,,,
שׁקר,1,שְׁקַר I,,,,,,,
שׂרג,1,שְׂרַג,,,,,,,
שׁרג,1,שְׁרַג,,,,,,,
שׁרי,1,שְׁרֵי,,,,,,,
שׁרץ,0,שָׁרַץ,,,,,,,
שׁרק,1,שְׁרַק,שְׁרַק II,שְׁרַק III,,,,,
שׁרר,1,שְׁרַר,,,,,,,
שׁרשׁ,1,שְׁרַשׁ,,,,,,,
שׁתי,1,שְׁתֵי,שְׁתֵי ²,,,,,,
שׁתך,1,שָׁתַךְ ²,,,,,,,
שׁתל,1,שְׁתַל,,,,,,,
שׁתן,1,שְׁתַן,,,,,,,
שׁתף,1,שְׁתַף,,,,,,,
שׁתק,1,שְׁתֵק,,,,,,,
שׁהד,0,שָׂהֵד,,,,,,,
שׂמח,0,שָׂמַח,,,,,,,
שרף,1,שְׂרַף ²,שְׂרַף,,,,,,
תאם,0,תָּאַם,,,,,,,
תבל,1,תְּבַל,,,,,,,
תבן,1,תְּבַן,,,,,,,
תבע,1,תְּבַע,,,,,,,
תבר,1,תְּבַר,,,,,,,
תהי,1,תְּהֵי,,,,,,,
תוב,1,תּוּב I,,,,,,,
תוה,1,תְּוַהּ,,,,,,,
תור,1,תּוּר II,,,,,,,
תחל,1,תְּחַל,,,,,,,
תלח,1,תְּלַח,,,,,,,
תלי,1,תְּלֵי,,,,,,,
תלע,1,תְּלַע I,תְּלַע II,,,,,,
תלשׁ,1,תְּלַשׁ,,,,,,,
תלת,1,תַּלֵּת,,,,,,,
תמם,0,תָּמַם,,,,,,,
תנח,1,תְּנַח,,,,,,,
תני,1,תְּנֵי,תְּנֵי II,,,,,,
תער,1,תְּעַר,,,,,,,
תפח,1,תְּפַח I,תְּפַח II,,,,,,
תפס,1,תְּפַס,תְּפַס II,,,,,,
תפף,1,תְּפַף II,תְּפַף I,,,,,,
תפר,1,תְּפַר,,,,,,,
תפשׂ,1,תְּפַס,,,,,,,
תקל,1,תְּקַל II,תְּקַל I,,,,,,
תקן,1,תְּקֵן,,,,,,,
תקע,1,תְּקַע,,,,,,,
תקף,1,תְּקַף,,,,,,,
תרג,0,תָּרַג,,,,,,,
תרח,1,תְּרַח,,,,,,,
תרי,1,תְּרֵי,תְּרֵי ²,,,,,,
תרך,1,תְּרַךְ,,,,,,,
תרם,1,תְּרַם,,,,,,,
תרס,1,תְּרַס,,,,,,,
תרץ,1,תְּרַץ,,,,,,,
תתי,1,תְּתֵי,,,,,,,
